,model,architecture,accuracy,precision,recall
0,3600.pth,a1,0.900,0.919,0.874
1,3601.pth,a1,0.903,0.916,0.886
2,3602.pth,a1,0.900,0.949,0.842
3,3603.pth,a1,0.908,0.942,0.867
4,3604.pth,a1,0.898,0.878,0.922
5,3605.pth,a1,0.907,0.943,0.864
6,3606.pth,a1,0.903,0.899,0.907
7,3607.pth,a1,0.909,0.925,0.887
8,3608.pth,a1,0.906,0.918,0.889
9,3609.pth,a1,0.907,0.914,0.896
10,3610.pth,a1,0.903,0.933,0.867
11,3611.pth,a1,0.905,0.936,0.868
12,3612.pth,a1,0.913,0.914,0.910
13,3613.pth,a1,0.894,0.933,0.848
14,3614.pth,a1,0.902,0.898,0.904
15,3615.pth,a1,0.913,0.913,0.911
16,3616.pth,a1,0.904,0.943,0.857
17,3617.pth,a1,0.892,0.935,0.840
18,3618.pth,a1,0.896,0.946,0.838
19,3619.pth,a1,0.908,0.928,0.882
20,3620.pth,a1,0.903,0.927,0.873
21,3621.pth,a1,0.903,0.937,0.861
22,3622.pth,a1,0.905,0.906,0.902
23,3623.pth,a1,0.908,0.904,0.911
24,3624.pth,a1,0.903,0.938,0.861
25,3625.pth,a1,0.905,0.930,0.874
26,3626.pth,a1,0.907,0.919,0.890
27,3627.pth,a1,0.900,0.935,0.857
28,3628.pth,a1,0.913,0.920,0.903
29,3629.pth,a1,0.902,0.947,0.849
30,3630.pth,a1,0.902,0.934,0.862
31,3631.pth,a1,0.901,0.937,0.857
32,3632.pth,a1,0.912,0.938,0.880
33,3633.pth,a1,0.904,0.928,0.874
34,3634.pth,a1,0.908,0.922,0.888
35,3635.pth,a1,0.890,0.863,0.925
36,3636.pth,a1,0.907,0.916,0.895
37,3637.pth,a1,0.899,0.954,0.835
38,3638.pth,a1,0.908,0.934,0.875
39,3639.pth,a1,0.910,0.906,0.914
40,3640.pth,a1,0.909,0.920,0.894
41,3641.pth,a1,0.892,0.867,0.924
42,3642.pth,a1,0.913,0.916,0.907
43,3643.pth,a1,0.913,0.924,0.898
44,3644.pth,a1,0.913,0.906,0.919
45,3645.pth,a1,0.911,0.912,0.909
46,3646.pth,a1,0.895,0.923,0.859
47,3647.pth,a1,0.903,0.931,0.869
48,3648.pth,a1,0.896,0.935,0.849
49,3649.pth,a1,0.910,0.939,0.875
50,3650.pth,a1,0.906,0.930,0.876
51,3651.pth,a1,0.906,0.916,0.892
52,3652.pth,a1,0.907,0.922,0.886
53,3653.pth,a1,0.907,0.929,0.879
54,3654.pth,a1,0.907,0.884,0.934
55,3655.pth,a1,0.906,0.908,0.902
56,3656.pth,a1,0.913,0.920,0.901
57,3657.pth,a1,0.909,0.914,0.900
58,3658.pth,a1,0.904,0.944,0.857
59,3659.pth,a1,0.905,0.938,0.866
60,3660.pth,a1,0.906,0.942,0.864
61,3661.pth,a1,0.913,0.931,0.890
62,3662.pth,a1,0.910,0.935,0.880
63,3663.pth,a1,0.910,0.931,0.884
64,3664.pth,a1,0.911,0.919,0.899
65,3665.pth,a1,0.897,0.934,0.852
66,3666.pth,a1,0.909,0.904,0.914
67,3667.pth,a1,0.898,0.953,0.834
68,3668.pth,a1,0.903,0.947,0.852
69,3669.pth,a1,0.904,0.930,0.872
70,3670.pth,a1,0.904,0.917,0.885
71,3671.pth,a1,0.907,0.928,0.881
72,3672.pth,a1,0.911,0.922,0.897
73,3673.pth,a1,0.912,0.930,0.890
74,3674.pth,a1,0.906,0.941,0.863
75,3675.pth,a1,0.913,0.931,0.889
76,3676.pth,a1,0.907,0.926,0.883
77,3677.pth,a1,0.894,0.943,0.836
78,3678.pth,a1,0.907,0.911,0.901
79,3679.pth,a1,0.904,0.929,0.872
80,3680.pth,a1,0.909,0.931,0.881
81,3681.pth,a1,0.902,0.950,0.847
82,3682.pth,a1,0.900,0.886,0.915
83,3683.pth,a1,0.907,0.916,0.894
84,3684.pth,a1,0.909,0.905,0.912
85,3685.pth,a1,0.905,0.944,0.858
86,3686.pth,a1,0.914,0.914,0.912
87,3687.pth,a1,0.848,0.848,0.845
88,3688.pth,a1,0.914,0.910,0.916
89,3689.pth,a1,0.901,0.941,0.853
90,3690.pth,a1,0.909,0.915,0.901
91,3691.pth,a1,0.910,0.932,0.884
92,3692.pth,a1,0.903,0.928,0.872
93,3693.pth,a1,0.912,0.912,0.909
94,3694.pth,a1,0.906,0.909,0.899
95,3695.pth,a1,0.901,0.955,0.839
96,3696.pth,a1,0.906,0.932,0.875
97,3697.pth,a1,0.903,0.926,0.873
98,3698.pth,a1,0.902,0.876,0.934
99,3699.pth,a1,0.899,0.952,0.838
0,5400.pth,a2,0.903,0.924,0.877
1,5401.pth,a2,0.915,0.938,0.885
2,5402.pth,a2,0.906,0.914,0.896
3,5403.pth,a2,0.901,0.916,0.880
4,5404.pth,a2,0.883,0.957,0.799
5,5405.pth,a2,0.912,0.910,0.913
6,5406.pth,a2,0.905,0.918,0.887
7,5407.pth,a2,0.902,0.889,0.916
8,5408.pth,a2,0.913,0.918,0.905
9,5409.pth,a2,0.907,0.939,0.869
10,5410.pth,a2,0.909,0.937,0.874
11,5411.pth,a2,0.909,0.911,0.906
12,5412.pth,a2,0.899,0.947,0.844
13,5413.pth,a2,0.903,0.932,0.867
14,5414.pth,a2,0.907,0.929,0.878
15,5415.pth,a2,0.904,0.928,0.875
16,5416.pth,a2,0.901,0.926,0.869
17,5417.pth,a2,0.904,0.917,0.886
18,5418.pth,a2,0.903,0.943,0.856
19,5419.pth,a2,0.912,0.926,0.894
20,5420.pth,a2,0.903,0.945,0.854
21,5421.pth,a2,0.902,0.898,0.905
22,5422.pth,a2,0.896,0.928,0.855
23,5423.pth,a2,0.910,0.909,0.910
24,5424.pth,a2,0.908,0.936,0.875
25,5425.pth,a2,0.912,0.929,0.891
26,5426.pth,a2,0.910,0.943,0.871
27,5427.pth,a2,0.910,0.951,0.862
28,5428.pth,a2,0.897,0.948,0.839
29,5429.pth,a2,0.904,0.937,0.865
30,5430.pth,a2,0.912,0.940,0.877
31,5431.pth,a2,0.908,0.912,0.901
32,5432.pth,a2,0.892,0.887,0.895
33,5433.pth,a2,0.904,0.906,0.899
34,5434.pth,a2,0.910,0.933,0.882
35,5435.pth,a2,0.908,0.902,0.914
36,5436.pth,a2,0.910,0.926,0.890
37,5437.pth,a2,0.902,0.930,0.867
38,5438.pth,a2,0.907,0.915,0.895
39,5439.pth,a2,0.907,0.910,0.901
40,5440.pth,a2,0.911,0.922,0.897
41,5441.pth,a2,0.904,0.902,0.905
42,5442.pth,a2,0.907,0.936,0.871
43,5443.pth,a2,0.912,0.921,0.899
44,5444.pth,a2,0.912,0.922,0.899
45,5445.pth,a2,0.913,0.927,0.894
46,5446.pth,a2,0.902,0.929,0.868
47,5447.pth,a2,0.907,0.915,0.896
48,5448.pth,a2,0.906,0.949,0.856
49,5449.pth,a2,0.907,0.891,0.926
50,5450.pth,a2,0.910,0.927,0.889
51,5451.pth,a2,0.912,0.936,0.883
52,5452.pth,a2,0.907,0.931,0.877
53,5453.pth,a2,0.886,0.904,0.862
54,5454.pth,a2,0.905,0.920,0.884
55,5455.pth,a2,0.905,0.932,0.871
56,5456.pth,a2,0.909,0.918,0.897
57,5457.pth,a2,0.900,0.937,0.856
58,5458.pth,a2,0.904,0.920,0.883
59,5459.pth,a2,0.913,0.932,0.889
60,5460.pth,a2,0.900,0.901,0.898
61,5461.pth,a2,0.908,0.938,0.872
62,5462.pth,a2,0.910,0.922,0.893
63,5463.pth,a2,0.902,0.936,0.860
64,5464.pth,a2,0.911,0.922,0.895
65,5465.pth,a2,0.901,0.939,0.856
66,5466.pth,a2,0.903,0.954,0.845
67,5467.pth,a2,0.908,0.938,0.872
68,5468.pth,a2,0.896,0.915,0.871
69,5469.pth,a2,0.912,0.921,0.901
70,5470.pth,a2,0.913,0.920,0.902
71,5471.pth,a2,0.912,0.936,0.882
72,5472.pth,a2,0.910,0.948,0.866
73,5473.pth,a2,0.904,0.915,0.890
74,5474.pth,a2,0.886,0.894,0.874
75,5475.pth,a2,0.899,0.934,0.856
76,5476.pth,a2,0.908,0.938,0.872
77,5477.pth,a2,0.907,0.907,0.904
78,5478.pth,a2,0.907,0.936,0.873
79,5479.pth,a2,0.907,0.892,0.923
80,5480.pth,a2,0.905,0.936,0.867
81,5481.pth,a2,0.911,0.926,0.892
82,5482.pth,a2,0.907,0.910,0.901
83,5483.pth,a2,0.904,0.899,0.908
84,5484.pth,a2,0.907,0.942,0.864
85,5485.pth,a2,0.908,0.913,0.900
86,5486.pth,a2,0.899,0.903,0.892
87,5487.pth,a2,0.872,0.828,0.937
88,5488.pth,a2,0.902,0.935,0.863
89,5489.pth,a2,0.911,0.920,0.898
90,5490.pth,a2,0.899,0.950,0.839
91,5491.pth,a2,0.910,0.924,0.892
92,5492.pth,a2,0.899,0.898,0.897
93,5493.pth,a2,0.892,0.927,0.849
94,5494.pth,a2,0.894,0.957,0.822
95,5495.pth,a2,0.908,0.894,0.923
96,5496.pth,a2,0.909,0.931,0.882
97,5497.pth,a2,0.909,0.911,0.904
98,5498.pth,a2,0.908,0.929,0.881
99,5499.pth,a2,0.909,0.943,0.869
0,7200.pth,a3,0.903,0.943,0.857
1,7201.pth,a3,0.899,0.948,0.841
2,7202.pth,a3,0.902,0.947,0.850
3,7203.pth,a3,0.896,0.878,0.917
4,7204.pth,a3,0.907,0.921,0.888
5,7205.pth,a3,0.901,0.923,0.873
6,7206.pth,a3,0.906,0.927,0.880
7,7207.pth,a3,0.902,0.939,0.856
8,7208.pth,a3,0.897,0.893,0.900
9,7209.pth,a3,0.898,0.951,0.838
10,7210.pth,a3,0.898,0.943,0.845
11,7211.pth,a3,0.910,0.915,0.902
12,7212.pth,a3,0.900,0.929,0.864
13,7213.pth,a3,0.903,0.932,0.867
14,7214.pth,a3,0.903,0.932,0.868
15,7215.pth,a3,0.907,0.926,0.882
16,7216.pth,a3,0.897,0.944,0.842
17,7217.pth,a3,0.907,0.956,0.852
18,7218.pth,a3,0.894,0.929,0.851
19,7219.pth,a3,0.902,0.911,0.889
20,7220.pth,a3,0.911,0.928,0.888
21,7221.pth,a3,0.892,0.937,0.839
22,7222.pth,a3,0.899,0.956,0.834
23,7223.pth,a3,0.908,0.913,0.900
24,7224.pth,a3,0.901,0.940,0.855
25,7225.pth,a3,0.910,0.938,0.876
26,7226.pth,a3,0.899,0.941,0.850
27,7227.pth,a3,0.899,0.908,0.885
28,7228.pth,a3,0.898,0.954,0.835
29,7229.pth,a3,0.909,0.928,0.884
30,7230.pth,a3,0.897,0.930,0.856
31,7231.pth,a3,0.873,0.828,0.939
32,7232.pth,a3,0.885,0.951,0.810
33,7233.pth,a3,0.897,0.956,0.830
34,7234.pth,a3,0.909,0.909,0.907
35,7235.pth,a3,0.906,0.915,0.894
36,7236.pth,a3,0.903,0.944,0.854
37,7237.pth,a3,0.906,0.949,0.856
38,7238.pth,a3,0.901,0.941,0.853
39,7239.pth,a3,0.910,0.941,0.873
40,7240.pth,a3,0.903,0.927,0.873
41,7241.pth,a3,0.908,0.934,0.876
42,7242.pth,a3,0.905,0.930,0.872
43,7243.pth,a3,0.904,0.909,0.897
44,7244.pth,a3,0.902,0.904,0.897
45,7245.pth,a3,0.904,0.932,0.868
46,7246.pth,a3,0.889,0.928,0.841
47,7247.pth,a3,0.904,0.914,0.889
48,7248.pth,a3,0.902,0.948,0.849
49,7249.pth,a3,0.891,0.924,0.851
50,7250.pth,a3,0.897,0.913,0.876
51,7251.pth,a3,0.902,0.916,0.884
52,7252.pth,a3,0.885,0.961,0.800
53,7253.pth,a3,0.898,0.909,0.881
54,7254.pth,a3,0.903,0.951,0.848
55,7255.pth,a3,0.902,0.899,0.903
56,7256.pth,a3,0.907,0.935,0.871
57,7257.pth,a3,0.909,0.918,0.896
58,7258.pth,a3,0.904,0.939,0.861
59,7259.pth,a3,0.907,0.925,0.885
60,7260.pth,a3,0.888,0.959,0.809
61,7261.pth,a3,0.907,0.906,0.908
62,7262.pth,a3,0.907,0.912,0.899
63,7263.pth,a3,0.895,0.955,0.826
64,7264.pth,a3,0.905,0.951,0.852
65,7265.pth,a3,0.894,0.946,0.834
66,7266.pth,a3,0.845,0.831,0.861
67,7267.pth,a3,0.908,0.939,0.870
68,7268.pth,a3,0.907,0.938,0.869
69,7269.pth,a3,0.899,0.926,0.865
70,7270.pth,a3,0.892,0.947,0.827
71,7271.pth,a3,0.905,0.921,0.884
72,7272.pth,a3,0.896,0.951,0.832
73,7273.pth,a3,0.901,0.932,0.862
74,7274.pth,a3,0.897,0.909,0.879
75,7275.pth,a3,0.902,0.926,0.873
76,7276.pth,a3,0.901,0.952,0.842
77,7277.pth,a3,0.909,0.913,0.903
78,7278.pth,a3,0.905,0.919,0.886
79,7279.pth,a3,0.885,0.929,0.830
80,7280.pth,a3,0.906,0.933,0.873
81,7281.pth,a3,0.913,0.935,0.886
82,7282.pth,a3,0.897,0.944,0.842
83,7283.pth,a3,0.900,0.909,0.887
84,7284.pth,a3,0.908,0.942,0.867
85,7285.pth,a3,0.896,0.897,0.894
86,7286.pth,a3,0.897,0.957,0.830
87,7287.pth,a3,0.899,0.910,0.885
88,7288.pth,a3,0.907,0.939,0.869
89,7289.pth,a3,0.904,0.935,0.866
90,7290.pth,a3,0.906,0.957,0.849
91,7291.pth,a3,0.904,0.916,0.887
92,7292.pth,a3,0.901,0.948,0.847
93,7293.pth,a3,0.908,0.940,0.870
94,7294.pth,a3,0.910,0.936,0.879
95,7295.pth,a3,0.905,0.915,0.890
96,7296.pth,a3,0.905,0.940,0.862
97,7297.pth,a3,0.886,0.868,0.908
98,7298.pth,a3,0.898,0.949,0.838
99,7299.pth,a3,0.900,0.927,0.866
0,0.pth,a4,0.906,0.946,0.859
1,1.pth,a4,0.907,0.922,0.887
2,2.pth,a4,0.908,0.932,0.878
3,3.pth,a4,0.909,0.919,0.894
4,4.pth,a4,0.910,0.929,0.886
5,5.pth,a4,0.906,0.920,0.887
6,6.pth,a4,0.910,0.940,0.875
7,7.pth,a4,0.908,0.923,0.889
8,8.pth,a4,0.900,0.914,0.882
9,9.pth,a4,0.912,0.928,0.892
10,10.pth,a4,0.907,0.912,0.898
11,11.pth,a4,0.904,0.934,0.867
12,12.pth,a4,0.909,0.926,0.888
13,13.pth,a4,0.904,0.930,0.872
14,14.pth,a4,0.910,0.941,0.874
15,15.pth,a4,0.907,0.895,0.921
16,16.pth,a4,0.915,0.922,0.905
17,17.pth,a4,0.912,0.923,0.898
18,18.pth,a4,0.903,0.918,0.883
19,19.pth,a4,0.914,0.919,0.906
20,20.pth,a4,0.909,0.936,0.876
21,21.pth,a4,0.903,0.928,0.871
22,22.pth,a4,0.909,0.934,0.879
23,23.pth,a4,0.909,0.942,0.870
24,24.pth,a4,0.915,0.930,0.895
25,25.pth,a4,0.909,0.913,0.901
26,26.pth,a4,0.907,0.889,0.928
27,27.pth,a4,0.905,0.939,0.864
28,28.pth,a4,0.915,0.909,0.919
29,29.pth,a4,0.909,0.925,0.889
30,30.pth,a4,0.902,0.908,0.891
31,31.pth,a4,0.907,0.919,0.892
32,32.pth,a4,0.899,0.918,0.874
33,33.pth,a4,0.891,0.867,0.921
34,34.pth,a4,0.907,0.939,0.869
35,35.pth,a4,0.912,0.931,0.888
36,36.pth,a4,0.910,0.926,0.890
37,37.pth,a4,0.907,0.933,0.875
38,38.pth,a4,0.913,0.925,0.898
39,39.pth,a4,0.910,0.914,0.904
40,40.pth,a4,0.914,0.918,0.906
41,41.pth,a4,0.915,0.922,0.905
42,42.pth,a4,0.899,0.876,0.926
43,43.pth,a4,0.900,0.952,0.840
44,44.pth,a4,0.909,0.935,0.876
45,45.pth,a4,0.909,0.925,0.887
46,46.pth,a4,0.912,0.910,0.913
47,47.pth,a4,0.908,0.923,0.889
48,48.pth,a4,0.903,0.929,0.871
49,49.pth,a4,0.900,0.880,0.924
50,50.pth,a4,0.914,0.917,0.908
51,51.pth,a4,0.908,0.922,0.889
52,52.pth,a4,0.911,0.937,0.880
53,53.pth,a4,0.894,0.896,0.890
54,54.pth,a4,0.909,0.917,0.898
55,55.pth,a4,0.896,0.956,0.829
56,56.pth,a4,0.902,0.951,0.845
57,57.pth,a4,0.912,0.923,0.897
58,58.pth,a4,0.912,0.930,0.890
59,59.pth,a4,0.900,0.940,0.853
60,60.pth,a4,0.904,0.898,0.910
61,61.pth,a4,0.908,0.935,0.874
62,62.pth,a4,0.906,0.957,0.848
63,63.pth,a4,0.910,0.906,0.914
64,64.pth,a4,0.913,0.938,0.883
65,65.pth,a4,0.903,0.942,0.857
66,66.pth,a4,0.906,0.901,0.910
67,67.pth,a4,0.910,0.924,0.891
68,68.pth,a4,0.909,0.940,0.872
69,69.pth,a4,0.908,0.943,0.867
70,70.pth,a4,0.903,0.949,0.851
71,71.pth,a4,0.904,0.930,0.871
72,72.pth,a4,0.901,0.891,0.912
73,73.pth,a4,0.902,0.943,0.854
74,74.pth,a4,0.909,0.920,0.895
75,75.pth,a4,0.907,0.938,0.869
76,76.pth,a4,0.915,0.925,0.901
77,77.pth,a4,0.911,0.932,0.884
78,78.pth,a4,0.899,0.953,0.837
79,79.pth,a4,0.903,0.934,0.865
80,80.pth,a4,0.899,0.915,0.877
81,81.pth,a4,0.909,0.939,0.872
82,82.pth,a4,0.901,0.947,0.849
83,83.pth,a4,0.906,0.921,0.887
84,84.pth,a4,0.910,0.908,0.911
85,85.pth,a4,0.903,0.947,0.852
86,86.pth,a4,0.903,0.948,0.851
87,87.pth,a4,0.907,0.933,0.876
88,88.pth,a4,0.899,0.964,0.827
89,89.pth,a4,0.911,0.922,0.896
90,90.pth,a4,0.904,0.885,0.926
91,91.pth,a4,0.910,0.921,0.894
92,92.pth,a4,0.908,0.942,0.867
93,93.pth,a4,0.897,0.909,0.881
94,94.pth,a4,0.906,0.949,0.856
95,95.pth,a4,0.902,0.925,0.874
96,96.pth,a4,0.903,0.893,0.915
97,97.pth,a4,0.882,0.955,0.799
98,98.pth,a4,0.913,0.923,0.901
99,99.pth,a4,0.898,0.953,0.834
0,9000.pth,a5,0.898,0.948,0.840
1,9001.pth,a5,0.906,0.906,0.903
2,9002.pth,a5,0.899,0.950,0.840
3,9003.pth,a5,0.911,0.936,0.880
4,9004.pth,a5,0.909,0.937,0.874
5,9005.pth,a5,0.908,0.945,0.863
6,9006.pth,a5,0.905,0.928,0.875
7,9007.pth,a5,0.900,0.959,0.833
8,9008.pth,a5,0.893,0.951,0.827
9,9009.pth,a5,0.902,0.944,0.853
10,9010.pth,a5,0.905,0.935,0.868
11,9011.pth,a5,0.906,0.926,0.881
12,9012.pth,a5,0.909,0.923,0.891
13,9013.pth,a5,0.900,0.889,0.913
14,9014.pth,a5,0.908,0.907,0.907
15,9015.pth,a5,0.905,0.945,0.858
16,9016.pth,a5,0.907,0.950,0.857
17,9017.pth,a5,0.900,0.879,0.926
18,9018.pth,a5,0.912,0.913,0.909
19,9019.pth,a5,0.905,0.908,0.899
20,9020.pth,a5,0.897,0.938,0.847
21,9021.pth,a5,0.903,0.945,0.854
22,9022.pth,a5,0.905,0.950,0.852
23,9023.pth,a5,0.907,0.923,0.887
24,9024.pth,a5,0.912,0.939,0.879
25,9025.pth,a5,0.910,0.919,0.898
26,9026.pth,a5,0.912,0.930,0.890
27,9027.pth,a5,0.908,0.945,0.864
28,9028.pth,a5,0.911,0.938,0.879
29,9029.pth,a5,0.905,0.937,0.867
30,9030.pth,a5,0.910,0.931,0.883
31,9031.pth,a5,0.902,0.912,0.887
32,9032.pth,a5,0.891,0.932,0.842
33,9033.pth,a5,0.908,0.907,0.907
34,9034.pth,a5,0.890,0.907,0.867
35,9035.pth,a5,0.912,0.946,0.872
36,9036.pth,a5,0.899,0.951,0.840
37,9037.pth,a5,0.903,0.906,0.897
38,9038.pth,a5,0.913,0.941,0.879
39,9039.pth,a5,0.898,0.893,0.903
40,9040.pth,a5,0.906,0.927,0.879
41,9041.pth,a5,0.910,0.918,0.900
42,9042.pth,a5,0.913,0.926,0.896
43,9043.pth,a5,0.906,0.943,0.862
44,9044.pth,a5,0.903,0.912,0.890
45,9045.pth,a5,0.909,0.927,0.885
46,9046.pth,a5,0.905,0.940,0.862
47,9047.pth,a5,0.904,0.937,0.866
48,9048.pth,a5,0.900,0.951,0.841
49,9049.pth,a5,0.904,0.952,0.850
50,9050.pth,a5,0.909,0.921,0.893
51,9051.pth,a5,0.906,0.920,0.886
52,9052.pth,a5,0.911,0.900,0.924
53,9053.pth,a5,0.895,0.940,0.841
54,9054.pth,a5,0.896,0.957,0.827
55,9055.pth,a5,0.894,0.884,0.904
56,9056.pth,a5,0.907,0.955,0.852
57,9057.pth,a5,0.909,0.933,0.881
58,9058.pth,a5,0.911,0.938,0.878
59,9059.pth,a5,0.902,0.897,0.905
60,9060.pth,a5,0.902,0.942,0.856
61,9061.pth,a5,0.908,0.936,0.874
62,9062.pth,a5,0.893,0.937,0.839
63,9063.pth,a5,0.901,0.925,0.871
64,9064.pth,a5,0.897,0.959,0.827
65,9065.pth,a5,0.896,0.921,0.864
66,9066.pth,a5,0.905,0.938,0.866
67,9067.pth,a5,0.907,0.944,0.864
68,9068.pth,a5,0.897,0.936,0.849
69,9069.pth,a5,0.900,0.957,0.836
70,9070.pth,a5,0.889,0.955,0.814
71,9071.pth,a5,0.910,0.921,0.894
72,9072.pth,a5,0.888,0.960,0.807
73,9073.pth,a5,0.900,0.915,0.880
74,9074.pth,a5,0.901,0.935,0.861
75,9075.pth,a5,0.903,0.948,0.850
76,9076.pth,a5,0.905,0.893,0.918
77,9077.pth,a5,0.909,0.947,0.864
78,9078.pth,a5,0.907,0.937,0.871
79,9079.pth,a5,0.909,0.935,0.876
80,9080.pth,a5,0.905,0.942,0.861
81,9081.pth,a5,0.903,0.915,0.886
82,9082.pth,a5,0.892,0.951,0.824
83,9083.pth,a5,0.890,0.967,0.805
84,9084.pth,a5,0.895,0.954,0.828
85,9085.pth,a5,0.895,0.937,0.845
86,9086.pth,a5,0.891,0.961,0.814
87,9087.pth,a5,0.912,0.916,0.904
88,9088.pth,a5,0.907,0.940,0.867
89,9089.pth,a5,0.903,0.930,0.868
90,9090.pth,a5,0.899,0.941,0.849
91,9091.pth,a5,0.903,0.901,0.902
92,9092.pth,a5,0.909,0.906,0.912
93,9093.pth,a5,0.912,0.916,0.906
94,9094.pth,a5,0.914,0.922,0.903
95,9095.pth,a5,0.906,0.947,0.859
96,9096.pth,a5,0.896,0.958,0.826
97,9097.pth,a5,0.916,0.913,0.917
98,9098.pth,a5,0.899,0.904,0.890
99,9099.pth,a5,0.891,0.963,0.810
0,10602.pth,a6,0.906,0.934,0.873
1,10603.pth,a6,0.904,0.924,0.878
2,10604.pth,a6,0.899,0.939,0.850
3,10605.pth,a6,0.904,0.950,0.852
4,10606.pth,a6,0.888,0.957,0.810
5,10607.pth,a6,0.892,0.891,0.891
6,10608.pth,a6,0.900,0.941,0.852
7,10609.pth,a6,0.875,0.963,0.777
8,10610.pth,a6,0.885,0.964,0.797
9,10611.pth,a6,0.903,0.938,0.861
10,10612.pth,a6,0.902,0.962,0.834
11,10613.pth,a6,0.882,0.962,0.792
12,10614.pth,a6,0.891,0.878,0.905
13,10615.pth,a6,0.907,0.928,0.881
14,10616.pth,a6,0.907,0.932,0.877
15,10617.pth,a6,0.905,0.930,0.874
16,10618.pth,a6,0.894,0.967,0.813
17,10619.pth,a6,0.900,0.900,0.898
18,10620.pth,a6,0.892,0.951,0.825
19,10621.pth,a6,0.891,0.929,0.845
20,10622.pth,a6,0.892,0.959,0.817
21,10623.pth,a6,0.894,0.865,0.932
22,10624.pth,a6,0.906,0.944,0.861
23,10625.pth,a6,0.901,0.945,0.851
24,10626.pth,a6,0.901,0.950,0.845
25,10627.pth,a6,0.908,0.923,0.887
26,10628.pth,a6,0.904,0.950,0.851
27,10629.pth,a6,0.908,0.919,0.893
28,10630.pth,a6,0.901,0.934,0.860
29,10631.pth,a6,0.904,0.915,0.888
30,10632.pth,a6,0.905,0.934,0.870
31,10633.pth,a6,0.906,0.903,0.907
32,10634.pth,a6,0.898,0.954,0.833
33,10635.pth,a6,0.901,0.959,0.836
34,10636.pth,a6,0.906,0.942,0.864
35,10637.pth,a6,0.892,0.862,0.931
36,10638.pth,a6,0.902,0.941,0.856
37,10639.pth,a6,0.907,0.946,0.862
38,10640.pth,a6,0.904,0.923,0.879
39,10641.pth,a6,0.893,0.961,0.817
40,10642.pth,a6,0.893,0.952,0.825
41,10643.pth,a6,0.903,0.939,0.860
42,10644.pth,a6,0.894,0.949,0.830
43,10645.pth,a6,0.895,0.940,0.842
44,10646.pth,a6,0.900,0.959,0.835
45,10647.pth,a6,0.899,0.951,0.840
46,10648.pth,a6,0.897,0.956,0.829
47,10649.pth,a6,0.905,0.924,0.880
48,10650.pth,a6,0.899,0.951,0.839
49,10651.pth,a6,0.907,0.934,0.873
50,10652.pth,a6,0.889,0.949,0.820
51,10653.pth,a6,0.909,0.934,0.878
52,10654.pth,a6,0.888,0.943,0.823
53,10655.pth,a6,0.900,0.951,0.842
54,10656.pth,a6,0.877,0.912,0.831
55,10657.pth,a6,0.898,0.954,0.834
56,10658.pth,a6,0.901,0.938,0.857
57,10659.pth,a6,0.881,0.967,0.786
58,10660.pth,a6,0.896,0.935,0.849
59,10661.pth,a6,0.899,0.928,0.862
60,10662.pth,a6,0.886,0.953,0.811
61,10663.pth,a6,0.898,0.907,0.885
62,10664.pth,a6,0.892,0.960,0.816
63,10665.pth,a6,0.899,0.947,0.843
64,10666.pth,a6,0.907,0.912,0.899
65,10667.pth,a6,0.899,0.898,0.897
66,10668.pth,a6,0.907,0.946,0.862
67,10669.pth,a6,0.885,0.968,0.794
68,10670.pth,a6,0.903,0.937,0.861
69,10671.pth,a6,0.896,0.946,0.837
70,10672.pth,a6,0.902,0.953,0.843
71,10673.pth,a6,0.897,0.960,0.826
72,10674.pth,a6,0.896,0.941,0.842
73,10675.pth,a6,0.908,0.940,0.869
74,10676.pth,a6,0.901,0.928,0.866
75,10677.pth,a6,0.888,0.968,0.799
76,10678.pth,a6,0.901,0.938,0.857
77,10679.pth,a6,0.898,0.945,0.844
78,10680.pth,a6,0.891,0.960,0.813
79,10681.pth,a6,0.907,0.921,0.889
80,10682.pth,a6,0.883,0.964,0.793
81,10683.pth,a6,0.900,0.947,0.845
82,10684.pth,a6,0.896,0.954,0.829
83,10685.pth,a6,0.905,0.932,0.873
84,10686.pth,a6,0.910,0.927,0.887
85,10687.pth,a6,0.898,0.932,0.856
86,10688.pth,a6,0.900,0.947,0.845
87,10689.pth,a6,0.905,0.937,0.867
88,10690.pth,a6,0.896,0.948,0.836
89,10691.pth,a6,0.897,0.958,0.828
90,10692.pth,a6,0.901,0.938,0.857
91,10693.pth,a6,0.858,0.974,0.732
92,10694.pth,a6,0.866,0.976,0.747
93,10695.pth,a6,0.890,0.909,0.864
94,10696.pth,a6,0.910,0.938,0.876
95,10697.pth,a6,0.901,0.922,0.874
96,10698.pth,a6,0.903,0.931,0.869
97,10699.pth,a6,0.907,0.945,0.862
98,10700.pth,a6,0.900,0.939,0.854
99,10701.pth,a6,0.902,0.936,0.861
0,1800.pth,a7,0.895,0.936,0.846
1,1801.pth,a7,0.876,0.949,0.792
2,1802.pth,a7,0.886,0.952,0.810
3,1803.pth,a7,0.887,0.934,0.831
4,1804.pth,a7,0.883,0.861,0.911
5,1805.pth,a7,0.891,0.937,0.837
6,1806.pth,a7,0.882,0.897,0.860
7,1807.pth,a7,0.888,0.937,0.830
8,1808.pth,a7,0.895,0.910,0.875
9,1809.pth,a7,0.898,0.925,0.863
10,1810.pth,a7,0.868,0.819,0.942
11,1811.pth,a7,0.877,0.943,0.800
12,1812.pth,a7,0.882,0.934,0.820
13,1813.pth,a7,0.892,0.921,0.855
14,1814.pth,a7,0.885,0.874,0.897
15,1815.pth,a7,0.877,0.955,0.790
16,1816.pth,a7,0.900,0.924,0.870
17,1817.pth,a7,0.894,0.923,0.858
18,1818.pth,a7,0.891,0.921,0.852
19,1819.pth,a7,0.878,0.944,0.801
20,1820.pth,a7,0.892,0.931,0.843
21,1821.pth,a7,0.881,0.862,0.905
22,1822.pth,a7,0.890,0.884,0.894
23,1823.pth,a7,0.896,0.903,0.884
24,1824.pth,a7,0.881,0.953,0.798
25,1825.pth,a7,0.888,0.944,0.823
26,1826.pth,a7,0.888,0.902,0.870
27,1827.pth,a7,0.873,0.936,0.798
28,1828.pth,a7,0.895,0.911,0.873
29,1829.pth,a7,0.894,0.932,0.847
30,1830.pth,a7,0.900,0.909,0.887
31,1831.pth,a7,0.883,0.938,0.817
32,1832.pth,a7,0.894,0.946,0.834
33,1833.pth,a7,0.889,0.932,0.836
34,1834.pth,a7,0.895,0.890,0.900
35,1835.pth,a7,0.886,0.919,0.844
36,1836.pth,a7,0.894,0.913,0.869
37,1837.pth,a7,0.901,0.913,0.883
38,1838.pth,a7,0.896,0.920,0.865
39,1839.pth,a7,0.888,0.948,0.819
40,1840.pth,a7,0.893,0.880,0.909
41,1841.pth,a7,0.890,0.878,0.904
42,1842.pth,a7,0.890,0.942,0.829
43,1843.pth,a7,0.880,0.939,0.810
44,1844.pth,a7,0.890,0.893,0.884
45,1845.pth,a7,0.902,0.925,0.874
46,1846.pth,a7,0.858,0.971,0.736
47,1847.pth,a7,0.889,0.895,0.879
48,1848.pth,a7,0.902,0.920,0.879
49,1849.pth,a7,0.895,0.885,0.907
50,1850.pth,a7,0.884,0.851,0.928
51,1851.pth,a7,0.874,0.911,0.825
52,1852.pth,a7,0.899,0.923,0.868
53,1853.pth,a7,0.881,0.881,0.879
54,1854.pth,a7,0.899,0.909,0.884
55,1855.pth,a7,0.895,0.924,0.859
56,1856.pth,a7,0.890,0.902,0.873
57,1857.pth,a7,0.898,0.908,0.883
58,1858.pth,a7,0.884,0.871,0.900
59,1859.pth,a7,0.894,0.921,0.860
60,1860.pth,a7,0.894,0.937,0.843
61,1861.pth,a7,0.883,0.863,0.907
62,1862.pth,a7,0.891,0.928,0.846
63,1863.pth,a7,0.889,0.878,0.902
64,1864.pth,a7,0.897,0.923,0.864
65,1865.pth,a7,0.895,0.914,0.869
66,1866.pth,a7,0.896,0.919,0.865
67,1867.pth,a7,0.887,0.895,0.875
68,1868.pth,a7,0.888,0.909,0.860
69,1869.pth,a7,0.890,0.927,0.844
70,1870.pth,a7,0.883,0.868,0.900
71,1871.pth,a7,0.897,0.935,0.851
72,1872.pth,a7,0.884,0.906,0.854
73,1873.pth,a7,0.890,0.871,0.914
74,1874.pth,a7,0.892,0.950,0.825
75,1875.pth,a7,0.882,0.914,0.841
76,1876.pth,a7,0.867,0.831,0.919
77,1877.pth,a7,0.871,0.946,0.784
78,1878.pth,a7,0.893,0.887,0.898
79,1879.pth,a7,0.876,0.950,0.792
80,1880.pth,a7,0.886,0.943,0.820
81,1881.pth,a7,0.893,0.910,0.870
82,1882.pth,a7,0.896,0.919,0.866
83,1883.pth,a7,0.869,0.842,0.906
84,1884.pth,a7,0.855,0.816,0.912
85,1885.pth,a7,0.902,0.921,0.876
86,1886.pth,a7,0.890,0.904,0.870
87,1887.pth,a7,0.893,0.877,0.912
88,1888.pth,a7,0.892,0.892,0.891
89,1889.pth,a7,0.891,0.896,0.882
90,1890.pth,a7,0.887,0.941,0.824
91,1891.pth,a7,0.889,0.908,0.862
92,1892.pth,a7,0.897,0.885,0.910
93,1893.pth,a7,0.892,0.939,0.837
94,1894.pth,a7,0.887,0.951,0.814
95,1895.pth,a7,0.892,0.917,0.860
96,1896.pth,a7,0.882,0.962,0.792
97,1897.pth,a7,0.847,0.964,0.718
98,1898.pth,a7,0.895,0.921,0.861
99,1899.pth,a7,0.898,0.924,0.866
0,12600.pth,a8,0.888,0.919,0.848
1,12601.pth,a8,0.842,0.905,0.759
2,12602.pth,a8,0.875,0.885,0.858
3,12603.pth,a8,0.874,0.896,0.844
4,12604.pth,a8,0.878,0.951,0.795
5,12605.pth,a8,0.875,0.904,0.836
6,12606.pth,a8,0.885,0.933,0.826
7,12607.pth,a8,0.891,0.928,0.846
8,12608.pth,a8,0.882,0.960,0.795
9,12609.pth,a8,0.885,0.924,0.836
10,12610.pth,a8,0.887,0.906,0.860
11,12611.pth,a8,0.877,0.947,0.797
12,12612.pth,a8,0.836,0.841,0.826
13,12613.pth,a8,0.870,0.844,0.904
14,12614.pth,a8,0.887,0.947,0.817
15,12615.pth,a8,0.889,0.949,0.820
16,12616.pth,a8,0.879,0.957,0.791
17,12617.pth,a8,0.878,0.943,0.803
18,12618.pth,a8,0.882,0.905,0.852
19,12619.pth,a8,0.873,0.940,0.794
20,12620.pth,a8,0.896,0.941,0.844
21,12621.pth,a8,0.884,0.950,0.809
22,12622.pth,a8,0.878,0.921,0.824
23,12623.pth,a8,0.880,0.860,0.905
24,12624.pth,a8,0.885,0.948,0.812
25,12625.pth,a8,0.888,0.898,0.875
26,12626.pth,a8,0.888,0.933,0.835
27,12627.pth,a8,0.882,0.947,0.806
28,12628.pth,a8,0.866,0.873,0.854
29,12629.pth,a8,0.888,0.922,0.845
30,12630.pth,a8,0.877,0.876,0.876
31,12631.pth,a8,0.865,0.867,0.860
32,12632.pth,a8,0.883,0.938,0.817
33,12633.pth,a8,0.899,0.912,0.881
34,12634.pth,a8,0.885,0.954,0.808
35,12635.pth,a8,0.875,0.965,0.776
36,12636.pth,a8,0.877,0.953,0.791
37,12637.pth,a8,0.887,0.900,0.868
38,12638.pth,a8,0.888,0.941,0.826
39,12639.pth,a8,0.845,0.922,0.751
40,12640.pth,a8,0.896,0.927,0.858
41,12641.pth,a8,0.867,0.952,0.770
42,12642.pth,a8,0.890,0.936,0.835
43,12643.pth,a8,0.887,0.913,0.853
44,12644.pth,a8,0.898,0.916,0.874
45,12645.pth,a8,0.889,0.942,0.826
46,12647.pth,a8,0.875,0.962,0.779
47,12648.pth,a8,0.878,0.947,0.799
48,12649.pth,a8,0.866,0.962,0.759
49,12650.pth,a8,0.894,0.922,0.859
50,12651.pth,a8,0.893,0.922,0.856
51,12652.pth,a8,0.889,0.914,0.856
52,12653.pth,a8,0.894,0.909,0.874
53,12654.pth,a8,0.867,0.965,0.758
54,12655.pth,a8,0.876,0.915,0.826
55,12656.pth,a8,0.865,0.842,0.894
56,12657.pth,a8,0.894,0.892,0.896
57,12658.pth,a8,0.857,0.889,0.813
58,12659.pth,a8,0.881,0.954,0.798
59,12660.pth,a8,0.862,0.970,0.744
60,12661.pth,a8,0.880,0.854,0.916
61,12662.pth,a8,0.879,0.912,0.836
62,12663.pth,a8,0.883,0.949,0.807
63,12664.pth,a8,0.889,0.898,0.875
64,12665.pth,a8,0.884,0.892,0.872
65,12666.pth,a8,0.895,0.901,0.884
66,12667.pth,a8,0.883,0.894,0.866
67,12668.pth,a8,0.836,0.845,0.820
68,12669.pth,a8,0.892,0.935,0.840
69,12670.pth,a8,0.869,0.957,0.770
70,12671.pth,a8,0.864,0.968,0.750
71,12672.pth,a8,0.892,0.924,0.853
72,12673.pth,a8,0.886,0.948,0.814
73,12674.pth,a8,0.892,0.917,0.860
74,12675.pth,a8,0.849,0.886,0.797
75,12676.pth,a8,0.836,0.962,0.695
76,12677.pth,a8,0.881,0.896,0.861
77,12678.pth,a8,0.888,0.894,0.877
78,12679.pth,a8,0.874,0.874,0.870
79,12680.pth,a8,0.887,0.943,0.822
80,12681.pth,a8,0.894,0.930,0.849
81,12682.pth,a8,0.878,0.956,0.790
82,12683.pth,a8,0.866,0.954,0.766
83,12684.pth,a8,0.778,0.978,0.565
84,12685.pth,a8,0.892,0.871,0.917
85,12686.pth,a8,0.889,0.956,0.813
86,12687.pth,a8,0.872,0.863,0.881
87,12688.pth,a8,0.890,0.901,0.874
88,12689.pth,a8,0.878,0.933,0.811
89,12690.pth,a8,0.879,0.966,0.784
90,12691.pth,a8,0.891,0.925,0.848
91,12692.pth,a8,0.870,0.933,0.795
92,12693.pth,a8,0.878,0.953,0.792
93,12694.pth,a8,0.890,0.896,0.881
94,12695.pth,a8,0.855,0.867,0.835
95,12696.pth,a8,0.887,0.947,0.816
96,12697.pth,a8,0.889,0.945,0.823
97,12698.pth,a8,0.873,0.950,0.784
98,12699.pth,a8,0.890,0.927,0.843
99,12700.pth,a8,0.859,0.944,0.759
0,14400.pth,a9,0.866,0.955,0.765
1,14401.pth,a9,0.871,0.917,0.812
2,14402.pth,a9,0.882,0.945,0.809
3,14403.pth,a9,0.865,0.867,0.858
4,14404.pth,a9,0.890,0.927,0.844
5,14405.pth,a9,0.875,0.883,0.861
6,14406.pth,a9,0.884,0.917,0.842
7,14407.pth,a9,0.863,0.897,0.817
8,14408.pth,a9,0.890,0.890,0.887
9,14409.pth,a9,0.860,0.949,0.758
10,14410.pth,a9,0.869,0.957,0.769
11,14411.pth,a9,0.898,0.932,0.857
12,14412.pth,a9,0.880,0.925,0.824
13,14413.pth,a9,0.881,0.957,0.796
14,14414.pth,a9,0.879,0.916,0.832
15,14415.pth,a9,0.887,0.911,0.855
16,14416.pth,a9,0.884,0.936,0.822
17,14417.pth,a9,0.888,0.946,0.821
18,14418.pth,a9,0.892,0.931,0.844
19,14419.pth,a9,0.878,0.886,0.865
20,14420.pth,a9,0.860,0.953,0.755
21,14421.pth,a9,0.889,0.930,0.838
22,14422.pth,a9,0.866,0.841,0.899
23,14423.pth,a9,0.874,0.954,0.783
24,14424.pth,a9,0.885,0.869,0.903
25,14425.pth,a9,0.871,0.919,0.811
26,14426.pth,a9,0.882,0.871,0.893
27,14427.pth,a9,0.892,0.942,0.832
28,14428.pth,a9,0.888,0.895,0.877
29,14429.pth,a9,0.890,0.914,0.859
30,14430.pth,a9,0.877,0.898,0.849
31,14431.pth,a9,0.864,0.939,0.775
32,14432.pth,a9,0.884,0.939,0.820
33,14433.pth,a9,0.878,0.934,0.811
34,14434.pth,a9,0.863,0.947,0.766
35,14435.pth,a9,0.897,0.905,0.886
36,14436.pth,a9,0.881,0.892,0.866
37,14437.pth,a9,0.894,0.899,0.884
38,14438.pth,a9,0.864,0.948,0.767
39,14439.pth,a9,0.866,0.953,0.767
40,14440.pth,a9,0.886,0.928,0.835
41,14441.pth,a9,0.901,0.932,0.863
42,14442.pth,a9,0.888,0.904,0.867
43,14443.pth,a9,0.870,0.917,0.811
44,14444.pth,a9,0.881,0.912,0.840
45,14445.pth,a9,0.859,0.954,0.752
46,14446.pth,a9,0.893,0.914,0.867
47,14447.pth,a9,0.871,0.960,0.770
48,14448.pth,a9,0.885,0.914,0.847
49,14449.pth,a9,0.898,0.915,0.876
50,14450.pth,a9,0.868,0.937,0.786
51,14451.pth,a9,0.865,0.846,0.891
52,14452.pth,a9,0.880,0.947,0.802
53,14453.pth,a9,0.881,0.954,0.799
54,14454.pth,a9,0.877,0.946,0.797
55,14455.pth,a9,0.884,0.897,0.866
56,14456.pth,a9,0.882,0.870,0.895
57,14457.pth,a9,0.882,0.950,0.803
58,14458.pth,a9,0.890,0.924,0.847
59,14459.pth,a9,0.885,0.954,0.807
60,14460.pth,a9,0.875,0.961,0.778
61,14461.pth,a9,0.888,0.926,0.840
62,14462.pth,a9,0.888,0.925,0.842
63,14463.pth,a9,0.878,0.939,0.806
64,14464.pth,a9,0.879,0.943,0.804
65,14465.pth,a9,0.889,0.940,0.829
66,14466.pth,a9,0.873,0.958,0.778
67,14467.pth,a9,0.884,0.915,0.843
68,14468.pth,a9,0.864,0.963,0.754
69,14469.pth,a9,0.891,0.907,0.869
70,14470.pth,a9,0.873,0.955,0.781
71,14471.pth,a9,0.882,0.944,0.810
72,14472.pth,a9,0.865,0.952,0.767
73,14473.pth,a9,0.896,0.918,0.869
74,14474.pth,a9,0.870,0.938,0.790
75,14475.pth,a9,0.883,0.916,0.841
76,14476.pth,a9,0.860,0.836,0.892
77,14477.pth,a9,0.881,0.948,0.803
78,14478.pth,a9,0.875,0.925,0.814
79,14479.pth,a9,0.893,0.892,0.892
80,14480.pth,a9,0.855,0.959,0.739
81,14481.pth,a9,0.878,0.950,0.795
82,14482.pth,a9,0.868,0.901,0.825
83,14483.pth,a9,0.886,0.897,0.870
84,14484.pth,a9,0.864,0.947,0.768
85,14485.pth,a9,0.872,0.905,0.828
86,14486.pth,a9,0.861,0.966,0.745
87,14487.pth,a9,0.883,0.945,0.812
88,14488.pth,a9,0.860,0.959,0.748
89,14489.pth,a9,0.889,0.932,0.837
90,14490.pth,a9,0.876,0.940,0.801
91,14491.pth,a9,0.860,0.822,0.916
92,14492.pth,a9,0.884,0.923,0.836
93,14493.pth,a9,0.887,0.910,0.855
94,14494.pth,a9,0.892,0.909,0.870
95,14495.pth,a9,0.890,0.937,0.834
96,14496.pth,a9,0.886,0.952,0.810
97,14497.pth,a9,0.879,0.948,0.799
98,14498.pth,a9,0.870,0.956,0.774
99,14499.pth,a9,0.880,0.953,0.797
