,model,glasses_dist,split,architecture
0,0.pth,0.95,0,a1
1,1.pth,0.44,0,a1
2,2.pth,0.8,0,a1
3,3.pth,0.52,0,a1
4,4.pth,0.85,0,a1
5,5.pth,0.06,0,a1
6,6.pth,0.81,0,a1
7,7.pth,0.43,0,a1
8,8.pth,0.97,0,a1
9,9.pth,0.38,0,a1
10,10.pth,0.89,0,a1
11,11.pth,0,0,a1
12,12.pth,0.91,0,a1
13,13.pth,0.49,0,a1
14,14.pth,0.96,0,a1
15,15.pth,0.49,0,a1
16,16.pth,0.96,0,a1
17,17.pth,0.03,0,a1
18,18.pth,0.96,0,a1
19,19.pth,0.54,0,a1
20,20.pth,0.89,0,a1
21,21.pth,0.11,0,a1
22,22.pth,0.83,0,a1
23,23.pth,0.56,0,a1
24,24.pth,0.99,0,a1
25,25.pth,0.52,0,a1
26,26.pth,0.95,0,a1
27,27.pth,0.05,0,a1
28,28.pth,0.92,0,a1
29,29.pth,0.35,0,a1
30,30.pth,0.99,0,a1
31,31.pth,0.4,0,a1
32,32.pth,0.8,0,a1
33,33.pth,0.42,0,a1
34,34.pth,0.97,0,a1
35,35.pth,0.56,0,a1
36,36.pth,0.73,0,a1
37,37.pth,0.32,0,a1
38,38.pth,0.85,0,a1
39,39.pth,0.56,0,a1
40,40.pth,0.96,0,a1
41,41.pth,0.34,0,a1
42,42.pth,0.93,0,a1
43,43.pth,0.69,0,a1
44,44.pth,0.82,0,a1
45,45.pth,0.56,0,a1
46,46.pth,0.87,0,a1
47,47.pth,0.49,0,a1
48,48.pth,0.96,0,a1
49,49.pth,0.52,0,a1
50,50.pth,0.8,0,a1
51,51.pth,0.31,0,a1
52,52.pth,0.79,0,a1
53,53.pth,0.13,0,a1
54,54.pth,0.77,0,a1
55,55.pth,0.24,0,a1
56,56.pth,0.94,0,a1
57,57.pth,0.04,0,a1
58,58.pth,0.71,0,a1
59,59.pth,0.47,0,a1
60,60.pth,0.96,0,a1
61,61.pth,0.12,0,a1
62,62.pth,0.73,0,a1
63,63.pth,0.53,0,a1
64,64.pth,0.89,0,a1
65,65.pth,0.48,0,a1
66,66.pth,0.78,0,a1
67,67.pth,0.38,0,a1
68,68.pth,0.75,0,a1
69,69.pth,0.12,0,a1
70,70.pth,0.94,0,a1
71,71.pth,0.07,0,a1
72,72.pth,0.74,0,a1
73,73.pth,0.54,0,a1
74,74.pth,0.7,0,a1
75,75.pth,0.63,0,a1
76,76.pth,0.9,0,a1
77,77.pth,0.64,0,a1
78,78.pth,0.86,0,a1
79,79.pth,0.67,0,a1
80,80.pth,0.71,0,a1
81,81.pth,0.56,0,a1
82,82.pth,0.84,0,a1
83,83.pth,0.07,0,a1
84,84.pth,0.98,0,a1
85,85.pth,0.13,0,a1
86,86.pth,0.91,0,a1
87,87.pth,0,0,a1
88,88.pth,0.77,0,a1
89,89.pth,0.18,0,a1
90,90.pth,0.73,0,a1
91,91.pth,0.2,0,a1
92,92.pth,0.96,0,a1
93,93.pth,0.66,0,a1
94,94.pth,0.7,0,a1
95,95.pth,0.15,0,a1
96,96.pth,0.75,0,a1
97,97.pth,0.37,0,a1
98,98.pth,0.8,0,a1
99,99.pth,0.48,0,a1
100,100.pth,0.7,0,a1
101,101.pth,0.19,0,a1
102,102.pth,0.72,0,a1
103,103.pth,0.11,0,a1
104,104.pth,0.76,0,a1
105,105.pth,0.58,0,a1
106,106.pth,0.82,0,a1
107,107.pth,0.03,0,a1
108,108.pth,0.96,0,a1
109,109.pth,0.11,0,a1
110,110.pth,0.7,0,a1
111,111.pth,0.03,0,a1
112,112.pth,0.82,0,a1
113,113.pth,0.56,0,a1
114,114.pth,0.79,0,a1
115,115.pth,0.53,0,a1
116,116.pth,0.98,0,a1
117,117.pth,0.44,0,a1
118,118.pth,0.82,0,a1
119,119.pth,0.46,0,a1
120,120.pth,0.71,0,a1
121,121.pth,0.53,0,a1
122,122.pth,0.82,0,a1
123,123.pth,0.13,0,a1
124,124.pth,0.98,0,a1
125,125.pth,0.41,0,a1
126,126.pth,0.71,0,a1
127,127.pth,0.2,0,a1
128,128.pth,0.93,0,a1
129,129.pth,0.23,0,a1
130,130.pth,0.95,0,a1
131,131.pth,0.25,0,a1
132,132.pth,0.89,0,a1
133,133.pth,0.44,0,a1
134,134.pth,0.86,0,a1
135,135.pth,0.26,0,a1
136,136.pth,0.71,0,a1
137,137.pth,0.67,0,a1
138,138.pth,0.76,0,a1
139,139.pth,0.13,0,a1
140,140.pth,0.87,0,a1
141,141.pth,0.32,0,a1
142,142.pth,0.9,0,a1
143,143.pth,0.54,0,a1
144,144.pth,0.92,0,a1
145,145.pth,0.05,0,a1
146,146.pth,0.88,0,a1
147,147.pth,0.13,0,a1
148,148.pth,0.95,0,a1
149,149.pth,0.33,0,a1
150,150.pth,0.79,0,a1
151,151.pth,0.64,0,a1
152,152.pth,0.98,0,a1
153,153.pth,0.62,0,a1
154,154.pth,0.91,0,a1
155,155.pth,0.38,0,a1
156,156.pth,0.99,0,a1
157,157.pth,0.66,0,a1
158,158.pth,0.88,0,a1
159,159.pth,0.32,0,a1
160,160.pth,0.95,0,a1
161,161.pth,0.46,0,a1
162,162.pth,0.79,0,a1
163,163.pth,0.64,0,a1
164,164.pth,1,0,a1
165,165.pth,0.54,0,a1
166,166.pth,0.85,0,a1
167,167.pth,0.68,0,a1
168,168.pth,0.97,0,a1
169,169.pth,0.36,0,a1
170,170.pth,0.75,0,a1
171,171.pth,0.49,0,a1
172,172.pth,0.74,0,a1
173,173.pth,0.34,0,a1
174,174.pth,0.76,0,a1
175,175.pth,0.51,0,a1
176,176.pth,0.83,0,a1
177,177.pth,0.51,0,a1
178,178.pth,0.75,0,a1
179,179.pth,0.69,0,a1
180,180.pth,0.94,0,a1
181,181.pth,0.04,0,a1
182,182.pth,0.73,0,a1
183,183.pth,0.45,0,a1
184,184.pth,0.75,0,a1
185,185.pth,0.65,0,a1
186,186.pth,0.86,0,a1
187,187.pth,0.3,0,a1
188,188.pth,0.99,0,a1
189,189.pth,0.02,0,a1
190,190.pth,0.83,0,a1
191,191.pth,0.42,0,a1
192,192.pth,0.83,0,a1
193,193.pth,0.23,0,a1
194,194.pth,0.85,0,a1
195,195.pth,0.02,0,a1
196,196.pth,0.99,0,a1
197,197.pth,0.17,0,a1
198,198.pth,0.91,0,a1
199,199.pth,0.65,0,a1
200,200.pth,0.83,0,a1
201,201.pth,0.49,0,a1
202,202.pth,0.87,0,a1
203,203.pth,0.55,0,a1
204,204.pth,0.7,0,a1
205,205.pth,0.28,0,a1
206,206.pth,0.99,0,a1
207,207.pth,0.07,0,a1
208,208.pth,0.74,0,a1
209,209.pth,0.69,0,a1
210,210.pth,0.99,0,a1
211,211.pth,0.17,0,a1
212,212.pth,0.76,0,a1
213,213.pth,0.14,0,a1
214,214.pth,0.8,0,a1
215,215.pth,0.18,0,a1
216,216.pth,0.81,0,a1
217,217.pth,0.1,0,a1
218,218.pth,0.94,0,a1
219,219.pth,0.46,0,a1
220,220.pth,0.91,0,a1
221,221.pth,0.67,0,a1
222,222.pth,0.77,0,a1
223,223.pth,0.17,0,a1
224,224.pth,0.91,0,a1
225,225.pth,0.01,0,a1
226,226.pth,0.83,0,a1
227,227.pth,0.63,0,a1
228,228.pth,0.78,0,a1
229,229.pth,0.48,0,a1
230,230.pth,0.95,0,a1
231,231.pth,0.67,0,a1
232,232.pth,0.8,0,a1
233,233.pth,0.17,0,a1
234,234.pth,0.77,0,a1
235,235.pth,0.12,0,a1
236,236.pth,0.99,0,a1
237,237.pth,0.59,0,a1
238,238.pth,0.86,0,a1
239,239.pth,0.53,0,a1
240,240.pth,0.93,0,a1
241,241.pth,0.05,0,a1
242,242.pth,0.91,0,a1
243,243.pth,0.44,0,a1
244,244.pth,0.7,0,a1
245,245.pth,0.52,0,a1
246,246.pth,0.77,0,a1
247,247.pth,0.58,0,a1
248,248.pth,0.71,0,a1
249,249.pth,0.16,0,a1
250,250.pth,0.82,0,a1
251,251.pth,0.46,0,a1
252,252.pth,1,0,a1
253,253.pth,0.22,0,a1
254,254.pth,0.85,0,a1
255,255.pth,0.25,0,a1
256,256.pth,0.82,0,a1
257,257.pth,0.69,0,a1
258,258.pth,0.77,0,a1
259,259.pth,0.12,0,a1
260,260.pth,1,0,a1
261,261.pth,0.43,0,a1
262,262.pth,0.84,0,a1
263,263.pth,0.16,0,a1
264,264.pth,0.81,0,a1
265,265.pth,0.13,0,a1
266,266.pth,0.73,0,a1
267,267.pth,0.01,0,a1
268,268.pth,0.99,0,a1
269,269.pth,0.46,0,a1
270,270.pth,0.98,0,a1
271,271.pth,0.11,0,a1
272,272.pth,0.95,0,a1
273,273.pth,0.32,0,a1
274,274.pth,0.96,0,a1
275,275.pth,0.17,0,a1
276,276.pth,0.91,0,a1
277,277.pth,0.03,0,a1
278,278.pth,0.85,0,a1
279,279.pth,0.34,0,a1
280,280.pth,0.92,0,a1
281,281.pth,0.46,0,a1
282,282.pth,0.7,0,a1
283,283.pth,0.61,0,a1
284,284.pth,0.95,0,a1
285,285.pth,0.53,0,a1
286,286.pth,0.7,0,a1
287,287.pth,0.29,0,a1
288,288.pth,0.72,0,a1
289,289.pth,0.19,0,a1
290,290.pth,0.88,0,a1
291,291.pth,0.59,0,a1
292,292.pth,0.83,0,a1
293,293.pth,0.42,0,a1
294,294.pth,0.97,0,a1
295,295.pth,0.44,0,a1
296,296.pth,0.99,0,a1
297,297.pth,0.42,0,a1
298,298.pth,0.9,0,a1
299,299.pth,0.38,0,a1
300,300.pth,0.81,0,a1
301,301.pth,0.47,0,a1
302,302.pth,0.82,0,a1
303,303.pth,0.16,0,a1
304,304.pth,0.91,0,a1
305,305.pth,0.38,0,a1
306,306.pth,0.73,0,a1
307,307.pth,0.08,0,a1
308,308.pth,0.93,0,a1
309,309.pth,0.26,0,a1
310,310.pth,0.95,0,a1
311,311.pth,0.08,0,a1
312,312.pth,0.98,0,a1
313,313.pth,0.05,0,a1
314,314.pth,0.9,0,a1
315,315.pth,0.35,0,a1
316,316.pth,1,0,a1
317,317.pth,0.3,0,a1
318,318.pth,0.97,0,a1
319,319.pth,0.23,0,a1
320,320.pth,0.73,0,a1
321,321.pth,0.11,0,a1
322,322.pth,0.78,0,a1
323,323.pth,0.02,0,a1
324,324.pth,0.79,0,a1
325,325.pth,0.65,0,a1
326,326.pth,0.97,0,a1
327,327.pth,0.42,0,a1
328,328.pth,0.82,0,a1
329,329.pth,0.26,0,a1
330,330.pth,0.83,0,a1
331,331.pth,0.03,0,a1
332,332.pth,0.8,0,a1
333,333.pth,0.3,0,a1
334,334.pth,0.73,0,a1
335,335.pth,0.34,0,a1
336,336.pth,0.95,0,a1
337,337.pth,0.67,0,a1
338,338.pth,0.98,0,a1
339,339.pth,0.57,0,a1
340,340.pth,0.89,0,a1
341,341.pth,0.24,0,a1
342,342.pth,0.87,0,a1
343,343.pth,0.1,0,a1
344,344.pth,0.87,0,a1
345,345.pth,0.24,0,a1
346,346.pth,0.89,0,a1
347,347.pth,0.18,0,a1
348,348.pth,0.86,0,a1
349,349.pth,0.56,0,a1
350,350.pth,0.81,0,a1
351,351.pth,0.56,0,a1
352,352.pth,0.78,0,a1
353,353.pth,0.06,0,a1
354,354.pth,0.91,0,a1
355,355.pth,0.65,0,a1
356,356.pth,0.86,0,a1
357,357.pth,0.32,0,a1
358,358.pth,1,0,a1
359,359.pth,0.52,0,a1
360,360.pth,0.9,0,a1
361,361.pth,0.07,0,a1
362,362.pth,0.91,0,a1
363,363.pth,0.65,0,a1
364,364.pth,0.93,0,a1
365,365.pth,0.03,0,a1
366,366.pth,0.82,0,a1
367,367.pth,0.59,0,a1
368,368.pth,0.84,0,a1
369,369.pth,0.33,0,a1
370,370.pth,0.92,0,a1
371,371.pth,0.6,0,a1
372,372.pth,0.96,0,a1
373,373.pth,0.66,0,a1
374,374.pth,0.85,0,a1
375,375.pth,0.16,0,a1
376,376.pth,0.99,0,a1
377,377.pth,0.6,0,a1
378,378.pth,0.85,0,a1
379,379.pth,0.35,0,a1
380,380.pth,0.91,0,a1
381,381.pth,0.49,0,a1
382,382.pth,0.94,0,a1
383,383.pth,0.05,0,a1
384,384.pth,0.98,0,a1
385,385.pth,0.4,0,a1
386,386.pth,0.76,0,a1
387,387.pth,0.48,0,a1
388,388.pth,0.89,0,a1
389,389.pth,0.1,0,a1
390,390.pth,0.85,0,a1
391,391.pth,0.31,0,a1
392,392.pth,0.75,0,a1
393,393.pth,0.62,0,a1
394,394.pth,0.71,0,a1
395,395.pth,0.02,0,a1
396,396.pth,0.75,0,a1
397,397.pth,0.04,0,a1
398,398.pth,0.96,0,a1
399,399.pth,0.63,0,a1
400,400.pth,0.98,0,a1
401,401.pth,0.35,0,a1
402,402.pth,0.76,0,a1
403,403.pth,0.48,0,a1
404,404.pth,0.95,0,a1
405,405.pth,0.49,0,a1
406,406.pth,0.84,0,a1
407,407.pth,0.32,0,a1
408,408.pth,0.74,0,a1
409,409.pth,0.15,0,a1
410,410.pth,0.88,0,a1
411,411.pth,0.45,0,a1
412,412.pth,0.87,0,a1
413,413.pth,0.58,0,a1
414,414.pth,0.8,0,a1
415,415.pth,0.33,0,a1
416,416.pth,0.96,0,a1
417,417.pth,0.37,0,a1
418,418.pth,0.82,0,a1
419,419.pth,0.64,0,a1
420,420.pth,0.95,0,a1
421,421.pth,0.06,0,a1
422,422.pth,0.98,0,a1
423,423.pth,0.07,0,a1
424,424.pth,0.82,0,a1
425,425.pth,0.54,0,a1
426,426.pth,0.98,0,a1
427,427.pth,0.32,0,a1
428,428.pth,0.94,0,a1
429,429.pth,0.41,0,a1
430,430.pth,0.98,0,a1
431,431.pth,0.02,0,a1
432,432.pth,0.7,0,a1
433,433.pth,0.02,0,a1
434,434.pth,0.99,0,a1
435,435.pth,0.1,0,a1
436,436.pth,0.8,0,a1
437,437.pth,0.58,0,a1
438,438.pth,0.83,0,a1
439,439.pth,0.53,0,a1
440,440.pth,0.98,0,a1
441,441.pth,0.08,0,a1
442,442.pth,0.86,0,a1
443,443.pth,0.17,0,a1
444,444.pth,0.79,0,a1
445,445.pth,0.68,0,a1
446,446.pth,0.77,0,a1
447,447.pth,0.16,0,a1
448,448.pth,0.7,0,a1
449,449.pth,0.54,0,a1
450,450.pth,0.7,0,a1
451,451.pth,0.66,0,a1
452,452.pth,0.73,0,a1
453,453.pth,0.41,0,a1
454,454.pth,0.75,0,a1
455,455.pth,0.12,0,a1
456,456.pth,0.93,0,a1
457,457.pth,0.13,0,a1
458,458.pth,0.86,0,a1
459,459.pth,0.07,0,a1
460,460.pth,0.92,0,a1
461,461.pth,0.55,0,a1
462,462.pth,1,0,a1
463,463.pth,0.19,0,a1
464,464.pth,0.72,0,a1
465,465.pth,0.5,0,a1
466,466.pth,0.98,0,a1
467,467.pth,0.09,0,a1
468,468.pth,0.9,0,a1
469,469.pth,0.29,0,a1
470,470.pth,0.75,0,a1
471,471.pth,0.53,0,a1
472,472.pth,0.85,0,a1
473,473.pth,0.01,0,a1
474,474.pth,0.88,0,a1
475,475.pth,0.15,0,a1
476,476.pth,0.89,0,a1
477,477.pth,0.42,0,a1
478,478.pth,0.97,0,a1
479,479.pth,0.2,0,a1
480,480.pth,1,0,a1
481,481.pth,0,0,a1
482,482.pth,0.77,0,a1
483,483.pth,0.07,0,a1
484,484.pth,0.86,0,a1
485,485.pth,0.01,0,a1
486,486.pth,0.84,0,a1
487,487.pth,0.12,0,a1
488,488.pth,0.84,0,a1
489,489.pth,0.28,0,a1
490,490.pth,0.85,0,a1
491,491.pth,0.3,0,a1
492,492.pth,0.89,0,a1
493,493.pth,0.06,0,a1
494,494.pth,0.97,0,a1
495,495.pth,0.13,0,a1
496,496.pth,0.8,0,a1
497,497.pth,0.49,0,a1
498,498.pth,0.71,0,a1
499,499.pth,0.39,0,a1
500,500.pth,0.99,0,a1
501,501.pth,0.3,0,a1
502,502.pth,0.92,0,a1
503,503.pth,0.22,0,a1
504,504.pth,0.85,0,a1
505,505.pth,0.34,0,a1
506,506.pth,1,0,a1
507,507.pth,0.29,0,a1
508,508.pth,0.8,0,a1
509,509.pth,0.36,0,a1
510,510.pth,0.73,0,a1
511,511.pth,0.06,0,a1
512,512.pth,0.74,0,a1
513,513.pth,0.37,0,a1
514,514.pth,0.96,0,a1
515,515.pth,0.65,0,a1
516,516.pth,0.7,0,a1
517,517.pth,0.1,0,a1
518,518.pth,0.9,0,a1
519,519.pth,0.08,0,a1
520,520.pth,0.86,0,a1
521,521.pth,0.04,0,a1
522,522.pth,0.93,0,a1
523,523.pth,0.5,0,a1
524,524.pth,0.98,0,a1
525,525.pth,0.15,0,a1
526,526.pth,0.84,0,a1
527,527.pth,0.11,0,a1
528,528.pth,0.73,0,a1
529,529.pth,0.68,0,a1
530,530.pth,0.8,0,a1
531,531.pth,0.3,0,a1
532,532.pth,0.91,0,a1
533,533.pth,0.06,0,a1
534,534.pth,0.89,0,a1
535,535.pth,0.14,0,a1
536,536.pth,0.99,0,a1
537,537.pth,0.1,0,a1
538,538.pth,0.97,0,a1
539,539.pth,0.68,0,a1
540,540.pth,0.92,0,a1
541,541.pth,0.63,0,a1
542,542.pth,0.75,0,a1
543,543.pth,0.64,0,a1
544,544.pth,0.76,0,a1
545,545.pth,0.33,0,a1
546,546.pth,0.87,0,a1
547,547.pth,0.48,0,a1
548,548.pth,0.99,0,a1
549,549.pth,0.13,0,a1
550,550.pth,0.75,0,a1
551,551.pth,0.13,0,a1
552,552.pth,0.94,0,a1
553,553.pth,0.44,0,a1
554,554.pth,0.92,0,a1
555,555.pth,0.23,0,a1
556,556.pth,0.99,0,a1
557,557.pth,0.26,0,a1
558,558.pth,0.76,0,a1
559,559.pth,0.53,0,a1
560,560.pth,0.95,0,a1
561,561.pth,0.57,0,a1
562,562.pth,0.99,0,a1
563,563.pth,0.5,0,a1
564,564.pth,0.95,0,a1
565,565.pth,0.66,0,a1
566,566.pth,0.96,0,a1
567,567.pth,0.11,0,a1
568,568.pth,0.71,0,a1
569,569.pth,0.51,0,a1
570,570.pth,0.79,0,a1
571,571.pth,0.19,0,a1
572,572.pth,0.96,0,a1
573,573.pth,0.59,0,a1
574,574.pth,0.96,0,a1
575,575.pth,0.06,0,a1
576,576.pth,0.75,0,a1
577,577.pth,0.31,0,a1
578,578.pth,0.77,0,a1
579,579.pth,0.14,0,a1
580,580.pth,0.94,0,a1
581,581.pth,0.21,0,a1
582,582.pth,0.97,0,a1
583,583.pth,0.52,0,a1
584,584.pth,0.71,0,a1
585,585.pth,0.07,0,a1
586,586.pth,0.9,0,a1
587,587.pth,0.07,0,a1
588,588.pth,0.76,0,a1
589,589.pth,0.21,0,a1
590,590.pth,0.95,0,a1
591,591.pth,0.12,0,a1
592,592.pth,0.74,0,a1
593,593.pth,0.46,0,a1
594,594.pth,0.8,0,a1
595,595.pth,0.1,0,a1
596,596.pth,0.7,0,a1
597,597.pth,0.67,0,a1
598,598.pth,0.71,0,a1
599,599.pth,0,0,a1
600,600.pth,0.9,0,a1
601,601.pth,0.45,0,a1
602,602.pth,0.99,0,a1
603,603.pth,0.53,0,a1
604,604.pth,0.94,0,a1
605,605.pth,0.02,0,a1
606,606.pth,0.96,0,a1
607,607.pth,0.34,0,a1
608,608.pth,0.87,0,a1
609,609.pth,0.08,0,a1
610,610.pth,0.81,0,a1
611,611.pth,0.56,0,a1
612,612.pth,0.79,0,a1
613,613.pth,0.41,0,a1
614,614.pth,0.92,0,a1
615,615.pth,0.19,0,a1
616,616.pth,0.77,0,a1
617,617.pth,0.18,0,a1
618,618.pth,0.9,0,a1
619,619.pth,0.5,0,a1
620,620.pth,0.78,0,a1
621,621.pth,0.46,0,a1
622,622.pth,0.72,0,a1
623,623.pth,0.36,0,a1
624,624.pth,0.96,0,a1
625,625.pth,0.55,0,a1
626,626.pth,0.86,0,a1
627,627.pth,0.1,0,a1
628,628.pth,0.8,0,a1
629,629.pth,0.42,0,a1
630,630.pth,0.74,0,a1
631,631.pth,0.39,0,a1
632,632.pth,0.92,0,a1
633,633.pth,0.09,0,a1
634,634.pth,0.75,0,a1
635,635.pth,0.55,0,a1
636,636.pth,0.98,0,a1
637,637.pth,0.37,0,a1
638,638.pth,0.85,0,a1
639,639.pth,0.29,0,a1
640,640.pth,0.93,0,a1
641,641.pth,0.3,0,a1
642,642.pth,0.99,0,a1
643,643.pth,0.07,0,a1
644,644.pth,0.88,0,a1
645,645.pth,0.21,0,a1
646,646.pth,0.81,0,a1
647,647.pth,0.53,0,a1
648,648.pth,0.89,0,a1
649,649.pth,0.11,0,a1
650,650.pth,0.7,0,a1
651,651.pth,0,0,a1
652,652.pth,0.88,0,a1
653,653.pth,0.64,0,a1
654,654.pth,0.73,0,a1
655,655.pth,0.64,0,a1
656,656.pth,0.82,0,a1
657,657.pth,0.35,0,a1
658,658.pth,0.77,0,a1
659,659.pth,0.35,0,a1
660,660.pth,0.73,0,a1
661,661.pth,0.36,0,a1
662,662.pth,0.87,0,a1
663,663.pth,0.28,0,a1
664,664.pth,0.93,0,a1
665,665.pth,0.1,0,a1
666,666.pth,0.97,0,a1
667,667.pth,0.16,0,a1
668,668.pth,1,0,a1
669,669.pth,0.22,0,a1
670,670.pth,0.81,0,a1
671,671.pth,0.67,0,a1
672,672.pth,0.77,0,a1
673,673.pth,0.51,0,a1
674,674.pth,0.81,0,a1
675,675.pth,0.14,0,a1
676,676.pth,0.94,0,a1
677,677.pth,0.04,0,a1
678,678.pth,0.75,0,a1
679,679.pth,0.62,0,a1
680,680.pth,0.83,0,a1
681,681.pth,0.21,0,a1
682,682.pth,0.79,0,a1
683,683.pth,0.67,0,a1
684,684.pth,0.98,0,a1
685,685.pth,0.66,0,a1
686,686.pth,0.9,0,a1
687,687.pth,0.28,0,a1
688,688.pth,0.85,0,a1
689,689.pth,0.62,0,a1
690,690.pth,0.82,0,a1
691,691.pth,0.59,0,a1
692,692.pth,0.77,0,a1
693,693.pth,0.16,0,a1
694,694.pth,0.77,0,a1
695,695.pth,0.36,0,a1
696,696.pth,0.88,0,a1
697,697.pth,0.39,0,a1
698,698.pth,0.94,0,a1
699,699.pth,0.65,0,a1
700,700.pth,0.8,0,a1
701,701.pth,0.26,0,a1
702,702.pth,0.94,0,a1
703,703.pth,0.47,0,a1
704,704.pth,0.93,0,a1
705,705.pth,0.66,0,a1
706,706.pth,0.71,0,a1
707,707.pth,0.54,0,a1
708,708.pth,0.93,0,a1
709,709.pth,0.59,0,a1
710,710.pth,0.74,0,a1
711,711.pth,0.18,0,a1
712,712.pth,0.71,0,a1
713,713.pth,0.28,0,a1
714,714.pth,0.78,0,a1
715,715.pth,0.5,0,a1
716,716.pth,0.75,0,a1
717,717.pth,0.15,0,a1
718,718.pth,0.9,0,a1
719,719.pth,0.37,0,a1
720,720.pth,0.78,0,a1
721,721.pth,0.32,0,a1
722,722.pth,0.81,0,a1
723,723.pth,0.56,0,a1
724,724.pth,0.7,0,a1
725,725.pth,0.03,0,a1
726,726.pth,0.77,0,a1
727,727.pth,0.3,0,a1
728,728.pth,0.99,0,a1
729,729.pth,0.02,0,a1
730,730.pth,0.87,0,a1
731,731.pth,0.21,0,a1
732,732.pth,0.81,0,a1
733,733.pth,0.46,0,a1
734,734.pth,0.87,0,a1
735,735.pth,0.3,0,a1
736,736.pth,0.77,0,a1
737,737.pth,0.67,0,a1
738,738.pth,0.96,0,a1
739,739.pth,0.57,0,a1
740,740.pth,0.86,0,a1
741,741.pth,0.15,0,a1
742,742.pth,0.74,0,a1
743,743.pth,0.32,0,a1
744,744.pth,0.97,0,a1
745,745.pth,0.53,0,a1
746,746.pth,0.74,0,a1
747,747.pth,0.27,0,a1
748,748.pth,0.85,0,a1
749,749.pth,0.21,0,a1
750,750.pth,0.79,0,a1
751,751.pth,0.09,0,a1
752,752.pth,0.77,0,a1
753,753.pth,0.22,0,a1
754,754.pth,0.83,0,a1
755,755.pth,0.1,0,a1
756,756.pth,0.91,0,a1
757,757.pth,0.56,0,a1
758,758.pth,0.97,0,a1
759,759.pth,0.2,0,a1
760,760.pth,0.95,0,a1
761,761.pth,0.3,0,a1
762,762.pth,0.93,0,a1
763,763.pth,0.04,0,a1
764,764.pth,0.79,0,a1
765,765.pth,0.6,0,a1
766,766.pth,0.88,0,a1
767,767.pth,0.38,0,a1
768,768.pth,0.95,0,a1
769,769.pth,0.38,0,a1
770,770.pth,0.87,0,a1
771,771.pth,0.1,0,a1
772,772.pth,0.71,0,a1
773,773.pth,0.43,0,a1
774,774.pth,0.78,0,a1
775,775.pth,0.32,0,a1
776,776.pth,0.73,0,a1
777,777.pth,0.13,0,a1
778,778.pth,1,0,a1
779,779.pth,0.45,0,a1
780,780.pth,0.8,0,a1
781,781.pth,0.55,0,a1
782,782.pth,0.76,0,a1
783,783.pth,0.3,0,a1
784,784.pth,0.96,0,a1
785,785.pth,0.08,0,a1
786,786.pth,0.71,0,a1
787,787.pth,0.3,0,a1
788,788.pth,0.91,0,a1
789,789.pth,0.62,0,a1
790,790.pth,1,0,a1
791,791.pth,0.39,0,a1
792,792.pth,0.76,0,a1
793,793.pth,0.63,0,a1
794,794.pth,0.74,0,a1
795,795.pth,0.56,0,a1
796,796.pth,0.79,0,a1
797,797.pth,0.11,0,a1
798,798.pth,0.85,0,a1
799,799.pth,0.35,0,a1
800,800.pth,0.84,0,a1
801,801.pth,0.45,0,a1
802,802.pth,0.84,0,a1
803,803.pth,0.18,0,a1
804,804.pth,0.77,0,a1
805,805.pth,0.43,0,a1
806,806.pth,0.81,0,a1
807,807.pth,0.35,0,a1
808,808.pth,0.99,0,a1
809,809.pth,0.39,0,a1
810,810.pth,0.84,0,a1
811,811.pth,0.28,0,a1
812,812.pth,0.94,0,a1
813,813.pth,0.28,0,a1
814,814.pth,0.7,0,a1
815,815.pth,0.4,0,a1
816,816.pth,0.97,0,a1
817,817.pth,0.4,0,a1
818,818.pth,0.99,0,a1
819,819.pth,0.51,0,a1
820,820.pth,0.98,0,a1
821,821.pth,0.28,0,a1
822,822.pth,0.84,0,a1
823,823.pth,0.46,0,a1
824,824.pth,0.9,0,a1
825,825.pth,0.3,0,a1
826,826.pth,0.76,0,a1
827,827.pth,0.13,0,a1
828,828.pth,0.9,0,a1
829,829.pth,0.63,0,a1
830,830.pth,0.71,0,a1
831,831.pth,0.63,0,a1
832,832.pth,0.82,0,a1
833,833.pth,0.52,0,a1
834,834.pth,0.77,0,a1
835,835.pth,0.19,0,a1
836,836.pth,0.8,0,a1
837,837.pth,0.68,0,a1
838,838.pth,0.79,0,a1
839,839.pth,0.03,0,a1
840,840.pth,0.98,0,a1
841,841.pth,0.67,0,a1
842,842.pth,0.81,0,a1
843,843.pth,0.11,0,a1
844,844.pth,0.89,0,a1
845,845.pth,0.29,0,a1
846,846.pth,0.78,0,a1
847,847.pth,0.44,0,a1
848,848.pth,0.94,0,a1
849,849.pth,0.03,0,a1
850,850.pth,0.78,0,a1
851,851.pth,0.56,0,a1
852,852.pth,0.7,0,a1
853,853.pth,0.62,0,a1
854,854.pth,0.98,0,a1
855,855.pth,0.2,0,a1
856,856.pth,0.71,0,a1
857,857.pth,0.03,0,a1
858,858.pth,0.94,0,a1
859,859.pth,0.46,0,a1
860,860.pth,0.86,0,a1
861,861.pth,0.54,0,a1
862,862.pth,0.95,0,a1
863,863.pth,0.15,0,a1
864,864.pth,0.73,0,a1
865,865.pth,0.54,0,a1
866,866.pth,0.72,0,a1
867,867.pth,0.19,0,a1
868,868.pth,0.89,0,a1
869,869.pth,0.69,0,a1
870,870.pth,0.73,0,a1
871,871.pth,0.3,0,a1
872,872.pth,0.89,0,a1
873,873.pth,0.25,0,a1
874,874.pth,1,0,a1
875,875.pth,0.67,0,a1
876,876.pth,0.95,0,a1
877,877.pth,0.66,0,a1
878,878.pth,0.79,0,a1
879,879.pth,0.14,0,a1
880,880.pth,0.7,0,a1
881,881.pth,0.2,0,a1
882,882.pth,0.74,0,a1
883,883.pth,0.69,0,a1
884,884.pth,0.96,0,a1
885,885.pth,0.24,0,a1
886,886.pth,0.92,0,a1
887,887.pth,0.69,0,a1
888,888.pth,0.95,0,a1
889,889.pth,0.48,0,a1
890,890.pth,0.73,0,a1
891,891.pth,0.08,0,a1
892,892.pth,0.82,0,a1
893,893.pth,0.53,0,a1
894,894.pth,0.89,0,a1
895,895.pth,0.27,0,a1
896,896.pth,0.73,0,a1
897,897.pth,0.02,0,a1
898,898.pth,0.84,0,a1
899,899.pth,0.37,0,a1
900,900.pth,0.8,0,a1
901,901.pth,0.24,0,a1
902,902.pth,0.87,0,a1
903,903.pth,0.34,0,a1
904,904.pth,0.89,0,a1
905,905.pth,0.41,0,a1
906,906.pth,0.92,0,a1
907,907.pth,0.53,0,a1
908,908.pth,0.73,0,a1
909,909.pth,0.46,0,a1
910,910.pth,0.81,0,a1
911,911.pth,0.4,0,a1
912,912.pth,0.77,0,a1
913,913.pth,0.47,0,a1
914,914.pth,0.91,0,a1
915,915.pth,0.19,0,a1
916,916.pth,0.74,0,a1
917,917.pth,0.59,0,a1
918,918.pth,0.81,0,a1
919,919.pth,0.23,0,a1
920,920.pth,0.9,0,a1
921,921.pth,0.28,0,a1
922,922.pth,0.81,0,a1
923,923.pth,0.68,0,a1
924,924.pth,0.71,0,a1
925,925.pth,0.04,0,a1
926,926.pth,0.97,0,a1
927,927.pth,0.4,0,a1
928,928.pth,0.72,0,a1
929,929.pth,0.52,0,a1
930,930.pth,0.77,0,a1
931,931.pth,0.37,0,a1
932,932.pth,0.79,0,a1
933,933.pth,0.18,0,a1
934,934.pth,0.76,0,a1
935,935.pth,0.25,0,a1
936,936.pth,0.77,0,a1
937,937.pth,0.16,0,a1
938,938.pth,0.81,0,a1
939,939.pth,0.18,0,a1
940,940.pth,0.98,0,a1
941,941.pth,0.11,0,a1
942,942.pth,0.83,0,a1
943,943.pth,0.54,0,a1
944,944.pth,0.79,0,a1
945,945.pth,0.04,0,a1
946,946.pth,0.98,0,a1
947,947.pth,0.08,0,a1
948,948.pth,0.71,0,a1
949,949.pth,0.64,0,a1
950,950.pth,0.97,0,a1
951,951.pth,0.38,0,a1
952,952.pth,0.71,0,a1
953,953.pth,0.65,0,a1
954,954.pth,0.93,0,a1
955,955.pth,0.11,0,a1
956,956.pth,0.79,0,a1
957,957.pth,0.38,0,a1
958,958.pth,0.93,0,a1
959,959.pth,0.24,0,a1
960,960.pth,0.8,0,a1
961,961.pth,0.63,0,a1
962,962.pth,0.99,0,a1
963,963.pth,0.15,0,a1
964,964.pth,0.88,0,a1
965,965.pth,0.54,0,a1
966,966.pth,0.74,0,a1
967,967.pth,0.09,0,a1
968,968.pth,0.95,0,a1
969,969.pth,0.38,0,a1
970,970.pth,0.96,0,a1
971,971.pth,0.64,0,a1
972,972.pth,0.73,0,a1
973,973.pth,0.41,0,a1
974,974.pth,0.81,0,a1
975,975.pth,0.45,0,a1
976,976.pth,1,0,a1
977,977.pth,0.04,0,a1
978,978.pth,0.8,0,a1
979,979.pth,0.52,0,a1
980,980.pth,0.81,0,a1
981,981.pth,0.52,0,a1
982,982.pth,0.89,0,a1
983,983.pth,0.35,0,a1
984,984.pth,0.99,0,a1
985,985.pth,0.25,0,a1
986,986.pth,0.85,0,a1
987,987.pth,0.17,0,a1
988,988.pth,0.82,0,a1
989,989.pth,0.34,0,a1
990,990.pth,0.81,0,a1
991,991.pth,0.25,0,a1
992,992.pth,0.86,0,a1
993,993.pth,0.04,0,a1
994,994.pth,0.7,0,a1
995,995.pth,0.55,0,a1
996,996.pth,0.99,0,a1
997,997.pth,0.33,0,a1
998,998.pth,0.83,0,a1
999,999.pth,0.38,0,a1
1000,1000.pth,0.72,0,a1
1001,1001.pth,0.36,0,a1
1002,1002.pth,0.92,0,a1
1003,1003.pth,0.24,0,a1
1004,1004.pth,0.73,0,a1
1005,1005.pth,0.07,0,a1
1006,1006.pth,0.82,0,a1
1007,1007.pth,0.51,0,a1
1008,1008.pth,0.94,0,a1
1009,1009.pth,0.44,0,a1
1010,1010.pth,0.96,0,a1
1011,1011.pth,0.12,0,a1
1012,1012.pth,0.78,0,a1
1013,1013.pth,0.31,0,a1
1014,1014.pth,0.99,0,a1
1015,1015.pth,0.11,0,a1
1016,1016.pth,0.82,0,a1
1017,1017.pth,0.17,0,a1
1018,1018.pth,0.79,0,a1
1019,1019.pth,0.28,0,a1
1020,1020.pth,0.71,0,a1
1021,1021.pth,0.33,0,a1
1022,1022.pth,0.74,0,a1
1023,1023.pth,0.39,0,a1
1024,1024.pth,0.82,0,a1
1025,1025.pth,0.67,0,a1
1026,1026.pth,0.77,0,a1
1027,1027.pth,0.5,0,a1
1028,1028.pth,0.93,0,a1
1029,1029.pth,0.62,0,a1
1030,1030.pth,0.81,0,a1
1031,1031.pth,0.16,0,a1
1032,1032.pth,0.85,0,a1
1033,1033.pth,0.2,0,a1
1034,1034.pth,0.77,0,a1
1035,1035.pth,0.48,0,a1
1036,1036.pth,0.75,0,a1
1037,1037.pth,0.61,0,a1
1038,1038.pth,0.78,0,a1
1039,1039.pth,0.07,0,a1
1040,1040.pth,0.75,0,a1
1041,1041.pth,0,0,a1
1042,1042.pth,0.81,0,a1
1043,1043.pth,0.65,0,a1
1044,1044.pth,0.99,0,a1
1045,1045.pth,0.25,0,a1
1046,1046.pth,0.86,0,a1
1047,1047.pth,0.66,0,a1
1048,1048.pth,0.89,0,a1
1049,1049.pth,0.63,0,a1
1050,1050.pth,0.8,0,a1
1051,1051.pth,0.2,0,a1
1052,1052.pth,0.85,0,a1
1053,1053.pth,0.59,0,a1
1054,1054.pth,0.71,0,a1
1055,1055.pth,0.46,0,a1
1056,1056.pth,1,0,a1
1057,1057.pth,0.01,0,a1
1058,1058.pth,0.72,0,a1
1059,1059.pth,0.62,0,a1
1060,1060.pth,0.73,0,a1
1061,1061.pth,0.59,0,a1
1062,1062.pth,0.8,0,a1
1063,1063.pth,0.25,0,a1
1064,1064.pth,0.9,0,a1
1065,1065.pth,0.2,0,a1
1066,1066.pth,0.94,0,a1
1067,1067.pth,0.27,0,a1
1068,1068.pth,0.81,0,a1
1069,1069.pth,0.15,0,a1
1070,1070.pth,0.95,0,a1
1071,1071.pth,0.59,0,a1
1072,1072.pth,0.8,0,a1
1073,1073.pth,0.54,0,a1
1074,1074.pth,0.89,0,a1
1075,1075.pth,0.49,0,a1
1076,1076.pth,0.71,0,a1
1077,1077.pth,0.47,0,a1
1078,1078.pth,0.94,0,a1
1079,1079.pth,0.46,0,a1
1080,1080.pth,0.96,0,a1
1081,1081.pth,0.52,0,a1
1082,1082.pth,0.97,0,a1
1083,1083.pth,0.65,0,a1
1084,1084.pth,0.88,0,a1
1085,1085.pth,0.16,0,a1
1086,1086.pth,0.81,0,a1
1087,1087.pth,0.12,0,a1
1088,1088.pth,0.83,0,a1
1089,1089.pth,0.04,0,a1
1090,1090.pth,0.83,0,a1
1091,1091.pth,0.26,0,a1
1092,1092.pth,0.94,0,a1
1093,1093.pth,0.1,0,a1
1094,1094.pth,1,0,a1
1095,1095.pth,0.25,0,a1
1096,1096.pth,0.94,0,a1
1097,1097.pth,0.45,0,a1
1098,1098.pth,0.8,0,a1
1099,1099.pth,0.51,0,a1
1100,1100.pth,0.9,0,a1
1101,1101.pth,0.4,0,a1
1102,1102.pth,0.86,0,a1
1103,1103.pth,0.41,0,a1
1104,1104.pth,0.94,0,a1
1105,1105.pth,0.25,0,a1
1106,1106.pth,0.79,0,a1
1107,1107.pth,0,0,a1
1108,1108.pth,0.84,0,a1
1109,1109.pth,0.56,0,a1
1110,1110.pth,0.79,0,a1
1111,1111.pth,0.17,0,a1
1112,1112.pth,0.97,0,a1
1113,1113.pth,0.37,0,a1
1114,1114.pth,0.75,0,a1
1115,1115.pth,0.22,0,a1
1116,1116.pth,0.84,0,a1
1117,1117.pth,0.02,0,a1
1118,1118.pth,0.97,0,a1
1119,1119.pth,0.32,0,a1
1120,1120.pth,0.93,0,a1
1121,1121.pth,0.17,0,a1
1122,1122.pth,0.86,0,a1
1123,1123.pth,0.28,0,a1
1124,1124.pth,0.74,0,a1
1125,1125.pth,0.13,0,a1
1126,1126.pth,0.86,0,a1
1127,1127.pth,0.5,0,a1
1128,1128.pth,0.92,0,a1
1129,1129.pth,0.03,0,a1
1130,1130.pth,0.74,0,a1
1131,1131.pth,0.49,0,a1
1132,1132.pth,0.74,0,a1
1133,1133.pth,0.17,0,a1
1134,1134.pth,0.71,0,a1
1135,1135.pth,0.41,0,a1
1136,1136.pth,0.89,0,a1
1137,1137.pth,0.67,0,a1
1138,1138.pth,1,0,a1
1139,1139.pth,0.41,0,a1
1140,1140.pth,0.86,0,a1
1141,1141.pth,0.39,0,a1
1142,1142.pth,0.9,0,a1
1143,1143.pth,0.09,0,a1
1144,1144.pth,0.79,0,a1
1145,1145.pth,0.08,0,a1
1146,1146.pth,0.8,0,a1
1147,1147.pth,0.08,0,a1
1148,1148.pth,0.94,0,a1
1149,1149.pth,0.3,0,a1
1150,1150.pth,1,0,a1
1151,1151.pth,0.12,0,a1
1152,1152.pth,0.86,0,a1
1153,1153.pth,0.51,0,a1
1154,1154.pth,0.88,0,a1
1155,1155.pth,0.34,0,a1
1156,1156.pth,0.85,0,a1
1157,1157.pth,0.44,0,a1
1158,1158.pth,0.91,0,a1
1159,1159.pth,0.27,0,a1
1160,1160.pth,0.75,0,a1
1161,1161.pth,0.03,0,a1
1162,1162.pth,0.87,0,a1
1163,1163.pth,0.68,0,a1
1164,1164.pth,0.75,0,a1
1165,1165.pth,0.54,0,a1
1166,1166.pth,0.82,0,a1
1167,1167.pth,0.43,0,a1
1168,1168.pth,0.86,0,a1
1169,1169.pth,0.19,0,a1
1170,1170.pth,0.74,0,a1
1171,1171.pth,0.59,0,a1
1172,1172.pth,0.99,0,a1
1173,1173.pth,0.55,0,a1
1174,1174.pth,0.86,0,a1
1175,1175.pth,0.5,0,a1
1176,1176.pth,0.93,0,a1
1177,1177.pth,0.46,0,a1
1178,1178.pth,0.97,0,a1
1179,1179.pth,0.43,0,a1
1180,1180.pth,0.74,0,a1
1181,1181.pth,0.31,0,a1
1182,1182.pth,0.92,0,a1
1183,1183.pth,0.29,0,a1
1184,1184.pth,0.76,0,a1
1185,1185.pth,0.6,0,a1
1186,1186.pth,0.86,0,a1
1187,1187.pth,0,0,a1
1188,1188.pth,0.95,0,a1
1189,1189.pth,0.4,0,a1
1190,1190.pth,0.75,0,a1
1191,1191.pth,0.52,0,a1
1192,1192.pth,0.85,0,a1
1193,1193.pth,0.67,0,a1
1194,1194.pth,0.75,0,a1
1195,1195.pth,0.31,0,a1
1196,1196.pth,0.78,0,a1
1197,1197.pth,0.54,0,a1
1198,1198.pth,0.85,0,a1
1199,1199.pth,0.63,0,a1
1200,1200.pth,0.92,0,a1
1201,1201.pth,0.4,0,a1
1202,1202.pth,0.78,0,a1
1203,1203.pth,0.65,0,a1
1204,1204.pth,0.93,0,a1
1205,1205.pth,0.29,0,a1
1206,1206.pth,0.93,0,a1
1207,1207.pth,0.38,0,a1
1208,1208.pth,0.73,0,a1
1209,1209.pth,0.03,0,a1
1210,1210.pth,0.76,0,a1
1211,1211.pth,0.33,0,a1
1212,1212.pth,0.76,0,a1
1213,1213.pth,0.55,0,a1
1214,1214.pth,0.7,0,a1
1215,1215.pth,0.56,0,a1
1216,1216.pth,0.8,0,a1
1217,1217.pth,0.23,0,a1
1218,1218.pth,0.88,0,a1
1219,1219.pth,0.04,0,a1
1220,1220.pth,0.81,0,a1
1221,1221.pth,0.37,0,a1
1222,1222.pth,0.85,0,a1
1223,1223.pth,0.68,0,a1
1224,1224.pth,0.93,0,a1
1225,1225.pth,0.34,0,a1
1226,1226.pth,1,0,a1
1227,1227.pth,0.46,0,a1
1228,1228.pth,0.87,0,a1
1229,1229.pth,0,0,a1
1230,1230.pth,0.98,0,a1
1231,1231.pth,0.51,0,a1
1232,1232.pth,0.78,0,a1
1233,1233.pth,0.23,0,a1
1234,1234.pth,0.82,0,a1
1235,1235.pth,0.41,0,a1
1236,1236.pth,0.81,0,a1
1237,1237.pth,0.22,0,a1
1238,1238.pth,0.82,0,a1
1239,1239.pth,0.56,0,a1
1240,1240.pth,0.9,0,a1
1241,1241.pth,0.56,0,a1
1242,1242.pth,0.7,0,a1
1243,1243.pth,0.49,0,a1
1244,1244.pth,0.95,0,a1
1245,1245.pth,0.04,0,a1
1246,1246.pth,0.88,0,a1
1247,1247.pth,0.58,0,a1
1248,1248.pth,0.94,0,a1
1249,1249.pth,0.39,0,a1
1250,1250.pth,0.72,0,a1
1251,1251.pth,0,0,a1
1252,1252.pth,0.86,0,a1
1253,1253.pth,0.13,0,a1
1254,1254.pth,0.71,0,a1
1255,1255.pth,0.03,0,a1
1256,1256.pth,0.78,0,a1
1257,1257.pth,0.5,0,a1
1258,1258.pth,0.75,0,a1
1259,1259.pth,0.38,0,a1
1260,1260.pth,0.79,0,a1
1261,1261.pth,0.13,0,a1
1262,1262.pth,0.82,0,a1
1263,1263.pth,0.29,0,a1
1264,1264.pth,0.89,0,a1
1265,1265.pth,0.48,0,a1
1266,1266.pth,0.7,0,a1
1267,1267.pth,0.43,0,a1
1268,1268.pth,0.94,0,a1
1269,1269.pth,0.16,0,a1
1270,1270.pth,0.7,0,a1
1271,1271.pth,0.41,0,a1
1272,1272.pth,0.87,0,a1
1273,1273.pth,0.27,0,a1
1274,1274.pth,0.74,0,a1
1275,1275.pth,0.18,0,a1
1276,1276.pth,0.91,0,a1
1277,1277.pth,0.04,0,a1
1278,1278.pth,0.77,0,a1
1279,1279.pth,0.51,0,a1
1280,1280.pth,0.94,0,a1
1281,1281.pth,0.09,0,a1
1282,1282.pth,0.98,0,a1
1283,1283.pth,0.06,0,a1
1284,1284.pth,0.81,0,a1
1285,1285.pth,0.47,0,a1
1286,1286.pth,0.8,0,a1
1287,1287.pth,0.49,0,a1
1288,1288.pth,0.73,0,a1
1289,1289.pth,0.43,0,a1
1290,1290.pth,0.72,0,a1
1291,1291.pth,0.15,0,a1
1292,1292.pth,0.88,0,a1
1293,1293.pth,0.33,0,a1
1294,1294.pth,0.9,0,a1
1295,1295.pth,0.09,0,a1
1296,1296.pth,0.9,0,a1
1297,1297.pth,0.64,0,a1
1298,1298.pth,0.84,0,a1
1299,1299.pth,0.21,0,a1
1300,1300.pth,0.89,0,a1
1301,1301.pth,0.53,0,a1
1302,1302.pth,0.83,0,a1
1303,1303.pth,0.46,0,a1
1304,1304.pth,0.71,0,a1
1305,1305.pth,0.08,0,a1
1306,1306.pth,0.93,0,a1
1307,1307.pth,0.45,0,a1
1308,1308.pth,0.72,0,a1
1309,1309.pth,0.28,0,a1
1310,1310.pth,0.78,0,a1
1311,1311.pth,0.44,0,a1
1312,1312.pth,0.72,0,a1
1313,1313.pth,0.21,0,a1
1314,1314.pth,0.81,0,a1
1315,1315.pth,0.51,0,a1
1316,1316.pth,0.85,0,a1
1317,1317.pth,0.08,0,a1
1318,1318.pth,0.71,0,a1
1319,1319.pth,0.38,0,a1
1320,1320.pth,0.78,0,a1
1321,1321.pth,0.39,0,a1
1322,1322.pth,0.83,0,a1
1323,1323.pth,0.44,0,a1
1324,1324.pth,0.91,0,a1
1325,1325.pth,0.34,0,a1
1326,1326.pth,0.78,0,a1
1327,1327.pth,0.42,0,a1
1328,1328.pth,0.8,0,a1
1329,1329.pth,0.44,0,a1
1330,1330.pth,0.93,0,a1
1331,1331.pth,0.36,0,a1
1332,1332.pth,0.74,0,a1
1333,1333.pth,0.12,0,a1
1334,1334.pth,0.94,0,a1
1335,1335.pth,0.47,0,a1
1336,1336.pth,0.75,0,a1
1337,1337.pth,0.12,0,a1
1338,1338.pth,0.84,0,a1
1339,1339.pth,0.64,0,a1
1340,1340.pth,0.96,0,a1
1341,1341.pth,0.23,0,a1
1342,1342.pth,0.81,0,a1
1343,1343.pth,0.53,0,a1
1344,1344.pth,0.93,0,a1
1345,1345.pth,0.53,0,a1
1346,1346.pth,0.85,0,a1
1347,1347.pth,0.53,0,a1
1348,1348.pth,0.71,0,a1
1349,1349.pth,0.58,0,a1
1350,1350.pth,0.78,0,a1
1351,1351.pth,0,0,a1
1352,1352.pth,0.91,0,a1
1353,1353.pth,0.25,0,a1
1354,1354.pth,0.95,0,a1
1355,1355.pth,0.34,0,a1
1356,1356.pth,0.88,0,a1
1357,1357.pth,0.22,0,a1
1358,1358.pth,0.95,0,a1
1359,1359.pth,0.64,0,a1
1360,1360.pth,0.96,0,a1
1361,1361.pth,0.35,0,a1
1362,1362.pth,0.86,0,a1
1363,1363.pth,0.2,0,a1
1364,1364.pth,0.94,0,a1
1365,1365.pth,0.09,0,a1
1366,1366.pth,0.89,0,a1
1367,1367.pth,0.67,0,a1
1368,1368.pth,0.95,0,a1
1369,1369.pth,0.45,0,a1
1370,1370.pth,0.89,0,a1
1371,1371.pth,0.35,0,a1
1372,1372.pth,0.95,0,a1
1373,1373.pth,0.1,0,a1
1374,1374.pth,0.74,0,a1
1375,1375.pth,0.67,0,a1
1376,1376.pth,0.97,0,a1
1377,1377.pth,0.54,0,a1
1378,1378.pth,0.98,0,a1
1379,1379.pth,0.27,0,a1
1380,1380.pth,0.97,0,a1
1381,1381.pth,0.45,0,a1
1382,1382.pth,0.94,0,a1
1383,1383.pth,0.04,0,a1
1384,1384.pth,0.86,0,a1
1385,1385.pth,0,0,a1
1386,1386.pth,0.85,0,a1
1387,1387.pth,0.48,0,a1
1388,1388.pth,0.74,0,a1
1389,1389.pth,0.55,0,a1
1390,1390.pth,0.99,0,a1
1391,1391.pth,0.12,0,a1
1392,1392.pth,0.95,0,a1
1393,1393.pth,0.05,0,a1
1394,1394.pth,0.78,0,a1
1395,1395.pth,0.41,0,a1
1396,1396.pth,0.92,0,a1
1397,1397.pth,0.46,0,a1
1398,1398.pth,0.92,0,a1
1399,1399.pth,0.27,0,a1
1400,1400.pth,0.76,0,a1
1401,1401.pth,0.57,0,a1
1402,1402.pth,0.89,0,a1
1403,1403.pth,0.61,0,a1
1404,1404.pth,0.89,0,a1
1405,1405.pth,0.15,0,a1
1406,1406.pth,0.74,0,a1
1407,1407.pth,0.41,0,a1
1408,1408.pth,0.97,0,a1
1409,1409.pth,0.44,0,a1
1410,1410.pth,0.84,0,a1
1411,1411.pth,0.67,0,a1
1412,1412.pth,0.98,0,a1
1413,1413.pth,0.3,0,a1
1414,1414.pth,1,0,a1
1415,1415.pth,0.39,0,a1
1416,1416.pth,0.91,0,a1
1417,1417.pth,0.13,0,a1
1418,1418.pth,0.86,0,a1
1419,1419.pth,0.13,0,a1
1420,1420.pth,0.91,0,a1
1421,1421.pth,0.6,0,a1
1422,1422.pth,0.92,0,a1
1423,1423.pth,0.4,0,a1
1424,1424.pth,0.82,0,a1
1425,1425.pth,0.1,0,a1
1426,1426.pth,0.95,0,a1
1427,1427.pth,0.05,0,a1
1428,1428.pth,0.79,0,a1
1429,1429.pth,0.14,0,a1
1430,1430.pth,0.82,0,a1
1431,1431.pth,0.65,0,a1
1432,1432.pth,0.9,0,a1
1433,1433.pth,0,0,a1
1434,1434.pth,0.76,0,a1
1435,1435.pth,0.27,0,a1
1436,1436.pth,0.81,0,a1
1437,1437.pth,0.52,0,a1
1438,1438.pth,0.75,0,a1
1439,1439.pth,0.18,0,a1
1440,1440.pth,0.74,0,a1
1441,1441.pth,0.23,0,a1
1442,1442.pth,0.88,0,a1
1443,1443.pth,0.64,0,a1
1444,1444.pth,0.97,0,a1
1445,1445.pth,0.22,0,a1
1446,1446.pth,0.79,0,a1
1447,1447.pth,0.46,0,a1
1448,1448.pth,0.7,0,a1
1449,1449.pth,0.02,0,a1
1450,1450.pth,0.89,0,a1
1451,1451.pth,0.56,0,a1
1452,1452.pth,0.98,0,a1
1453,1453.pth,0.57,0,a1
1454,1454.pth,0.75,0,a1
1455,1455.pth,0.4,0,a1
1456,1456.pth,0.98,0,a1
1457,1457.pth,0.62,0,a1
1458,1458.pth,0.75,0,a1
1459,1459.pth,0.64,0,a1
1460,1460.pth,0.91,0,a1
1461,1461.pth,0.38,0,a1
1462,1462.pth,0.94,0,a1
1463,1463.pth,0.14,0,a1
1464,1464.pth,0.84,0,a1
1465,1465.pth,0.42,0,a1
1466,1466.pth,0.75,0,a1
1467,1467.pth,0.26,0,a1
1468,1468.pth,0.87,0,a1
1469,1469.pth,0.44,0,a1
1470,1470.pth,0.77,0,a1
1471,1471.pth,0.57,0,a1
1472,1472.pth,0.95,0,a1
1473,1473.pth,0.03,0,a1
1474,1474.pth,0.77,0,a1
1475,1475.pth,0.35,0,a1
1476,1476.pth,0.91,0,a1
1477,1477.pth,0.67,0,a1
1478,1478.pth,0.79,0,a1
1479,1479.pth,0.24,0,a1
1480,1480.pth,0.83,0,a1
1481,1481.pth,0.47,0,a1
1482,1482.pth,0.85,0,a1
1483,1483.pth,0.57,0,a1
1484,1484.pth,0.73,0,a1
1485,1485.pth,0.17,0,a1
1486,1486.pth,0.77,0,a1
1487,1487.pth,0.41,0,a1
1488,1488.pth,0.86,0,a1
1489,1489.pth,0.44,0,a1
1490,1490.pth,0.96,0,a1
1491,1491.pth,0.22,0,a1
1492,1492.pth,0.77,0,a1
1493,1493.pth,0.02,0,a1
1494,1494.pth,0.83,0,a1
1495,1495.pth,0.37,0,a1
1496,1496.pth,0.93,0,a1
1497,1497.pth,0.42,0,a1
1498,1498.pth,0.94,0,a1
1499,1499.pth,0.65,0,a1
1500,1500.pth,0.86,1,a1
1501,1501.pth,0.58,1,a1
1502,1502.pth,0.93,1,a1
1503,1503.pth,0.54,1,a1
1504,1504.pth,0.8,1,a1
1505,1505.pth,0.54,1,a1
1506,1506.pth,0.74,1,a1
1507,1507.pth,0.15,1,a1
1508,1508.pth,0.83,1,a1
1509,1509.pth,0.51,1,a1
1510,1510.pth,0.94,1,a1
1511,1511.pth,0.52,1,a1
1512,1512.pth,0.7,1,a1
1513,1513.pth,0.07,1,a1
1514,1514.pth,0.7,1,a1
1515,1515.pth,0.19,1,a1
1516,1516.pth,0.93,1,a1
1517,1517.pth,0.05,1,a1
1518,1518.pth,0.79,1,a1
1519,1519.pth,0.52,1,a1
1520,1520.pth,0.77,1,a1
1521,1521.pth,0.01,1,a1
1522,1522.pth,0.73,1,a1
1523,1523.pth,0.42,1,a1
1524,1524.pth,0.96,1,a1
1525,1525.pth,0.68,1,a1
1526,1526.pth,0.82,1,a1
1527,1527.pth,0.3,1,a1
1528,1528.pth,0.92,1,a1
1529,1529.pth,0.33,1,a1
1530,1530.pth,0.9,1,a1
1531,1531.pth,0.18,1,a1
1532,1532.pth,0.72,1,a1
1533,1533.pth,0.41,1,a1
1534,1534.pth,0.76,1,a1
1535,1535.pth,0.61,1,a1
1536,1536.pth,0.72,1,a1
1537,1537.pth,0.06,1,a1
1538,1538.pth,0.85,1,a1
1539,1539.pth,0.21,1,a1
1540,1540.pth,0.75,1,a1
1541,1541.pth,0.53,1,a1
1542,1542.pth,0.84,1,a1
1543,1543.pth,0.56,1,a1
1544,1544.pth,0.79,1,a1
1545,1545.pth,0.67,1,a1
1546,1546.pth,0.83,1,a1
1547,1547.pth,0.55,1,a1
1548,1548.pth,0.88,1,a1
1549,1549.pth,0.64,1,a1
1550,1550.pth,0.86,1,a1
1551,1551.pth,0.24,1,a1
1552,1552.pth,0.84,1,a1
1553,1553.pth,0.13,1,a1
1554,1554.pth,0.85,1,a1
1555,1555.pth,0.65,1,a1
1556,1556.pth,0.99,1,a1
1557,1557.pth,0.59,1,a1
1558,1558.pth,0.81,1,a1
1559,1559.pth,0.15,1,a1
1560,1560.pth,0.93,1,a1
1561,1561.pth,0.53,1,a1
1562,1562.pth,0.79,1,a1
1563,1563.pth,0.39,1,a1
1564,1564.pth,0.81,1,a1
1565,1565.pth,0.63,1,a1
1566,1566.pth,0.73,1,a1
1567,1567.pth,0.65,1,a1
1568,1568.pth,0.96,1,a1
1569,1569.pth,0.11,1,a1
1570,1570.pth,0.99,1,a1
1571,1571.pth,0.33,1,a1
1572,1572.pth,0.88,1,a1
1573,1573.pth,0.52,1,a1
1574,1574.pth,0.9,1,a1
1575,1575.pth,0.6,1,a1
1576,1576.pth,0.75,1,a1
1577,1577.pth,0.5,1,a1
1578,1578.pth,0.75,1,a1
1579,1579.pth,0.38,1,a1
1580,1580.pth,0.91,1,a1
1581,1581.pth,0.36,1,a1
1582,1582.pth,1,1,a1
1583,1583.pth,0.28,1,a1
1584,1584.pth,0.85,1,a1
1585,1585.pth,0.66,1,a1
1586,1586.pth,0.84,1,a1
1587,1587.pth,0.31,1,a1
1588,1588.pth,0.7,1,a1
1589,1589.pth,0.39,1,a1
1590,1590.pth,0.72,1,a1
1591,1591.pth,0.43,1,a1
1592,1592.pth,0.96,1,a1
1593,1593.pth,0.44,1,a1
1594,1594.pth,0.81,1,a1
1595,1595.pth,0.26,1,a1
1596,1596.pth,0.7,1,a1
1597,1597.pth,0.23,1,a1
1598,1598.pth,0.97,1,a1
1599,1599.pth,0.43,1,a1
1600,1600.pth,0.86,1,a1
1601,1601.pth,0.09,1,a1
1602,1602.pth,0.82,1,a1
1603,1603.pth,0.21,1,a1
1604,1604.pth,0.95,1,a1
1605,1605.pth,0.69,1,a1
1606,1606.pth,0.99,1,a1
1607,1607.pth,0.33,1,a1
1608,1608.pth,0.8,1,a1
1609,1609.pth,0.39,1,a1
1610,1610.pth,0.94,1,a1
1611,1611.pth,0.56,1,a1
1612,1612.pth,0.96,1,a1
1613,1613.pth,0.68,1,a1
1614,1614.pth,0.88,1,a1
1615,1615.pth,0.61,1,a1
1616,1616.pth,0.87,1,a1
1617,1617.pth,0.01,1,a1
1618,1618.pth,0.99,1,a1
1619,1619.pth,0.11,1,a1
1620,1620.pth,0.74,1,a1
1621,1621.pth,0.12,1,a1
1622,1622.pth,0.75,1,a1
1623,1623.pth,0.52,1,a1
1624,1624.pth,0.94,1,a1
1625,1625.pth,0,1,a1
1626,1626.pth,0.79,1,a1
1627,1627.pth,0.03,1,a1
1628,1628.pth,0.7,1,a1
1629,1629.pth,0.68,1,a1
1630,1630.pth,0.95,1,a1
1631,1631.pth,0.54,1,a1
1632,1632.pth,0.91,1,a1
1633,1633.pth,0.68,1,a1
1634,1634.pth,0.7,1,a1
1635,1635.pth,0.43,1,a1
1636,1636.pth,0.94,1,a1
1637,1637.pth,0.11,1,a1
1638,1638.pth,0.95,1,a1
1639,1639.pth,0.35,1,a1
1640,1640.pth,0.92,1,a1
1641,1641.pth,0.48,1,a1
1642,1642.pth,0.94,1,a1
1643,1643.pth,0.34,1,a1
1644,1644.pth,0.92,1,a1
1645,1645.pth,0.42,1,a1
1646,1646.pth,0.81,1,a1
1647,1647.pth,0.06,1,a1
1648,1648.pth,0.78,1,a1
1649,1649.pth,0.18,1,a1
1650,1650.pth,0.92,1,a1
1651,1651.pth,0,1,a1
1652,1652.pth,0.75,1,a1
1653,1653.pth,0.65,1,a1
1654,1654.pth,1,1,a1
1655,1655.pth,0.25,1,a1
1656,1656.pth,0.91,1,a1
1657,1657.pth,0.63,1,a1
1658,1658.pth,0.88,1,a1
1659,1659.pth,0.35,1,a1
1660,1660.pth,0.7,1,a1
1661,1661.pth,0.64,1,a1
1662,1662.pth,0.9,1,a1
1663,1663.pth,0.49,1,a1
1664,1664.pth,0.86,1,a1
1665,1665.pth,0.56,1,a1
1666,1666.pth,0.97,1,a1
1667,1667.pth,0.34,1,a1
1668,1668.pth,0.74,1,a1
1669,1669.pth,0.06,1,a1
1670,1670.pth,0.89,1,a1
1671,1671.pth,0.69,1,a1
1672,1672.pth,0.81,1,a1
1673,1673.pth,0.09,1,a1
1674,1674.pth,0.99,1,a1
1675,1675.pth,0.08,1,a1
1676,1676.pth,0.94,1,a1
1677,1677.pth,0.27,1,a1
1678,1678.pth,0.78,1,a1
1679,1679.pth,0.5,1,a1
1680,1680.pth,0.76,1,a1
1681,1681.pth,0.65,1,a1
1682,1682.pth,0.72,1,a1
1683,1683.pth,0.64,1,a1
1684,1684.pth,0.7,1,a1
1685,1685.pth,0.09,1,a1
1686,1686.pth,0.72,1,a1
1687,1687.pth,0.56,1,a1
1688,1688.pth,0.97,1,a1
1689,1689.pth,0.59,1,a1
1690,1690.pth,0.8,1,a1
1691,1691.pth,0.37,1,a1
1692,1692.pth,0.81,1,a1
1693,1693.pth,0.63,1,a1
1694,1694.pth,0.88,1,a1
1695,1695.pth,0.24,1,a1
1696,1696.pth,0.94,1,a1
1697,1697.pth,0.57,1,a1
1698,1698.pth,0.87,1,a1
1699,1699.pth,0.21,1,a1
1700,1700.pth,0.71,0,a2
1701,1701.pth,0.28,0,a2
1702,1702.pth,0.96,0,a2
1703,1703.pth,0.54,0,a2
1704,1704.pth,0.7,0,a2
1705,1705.pth,0.52,0,a2
1706,1706.pth,0.85,0,a2
1707,1707.pth,0.4,0,a2
1708,1708.pth,0.74,0,a2
1709,1709.pth,0.68,0,a2
1710,1710.pth,0.99,0,a2
1711,1711.pth,0.26,0,a2
1712,1712.pth,0.72,0,a2
1713,1713.pth,0.33,0,a2
1714,1714.pth,0.84,0,a2
1715,1715.pth,0.06,0,a2
1716,1716.pth,0.79,0,a2
1717,1717.pth,0.52,0,a2
1718,1718.pth,0.82,0,a2
1719,1719.pth,0.2,0,a2
1720,1720.pth,0.78,0,a2
1721,1721.pth,0.45,0,a2
1722,1722.pth,0.94,0,a2
1723,1723.pth,0.16,0,a2
1724,1724.pth,0.81,0,a2
1725,1725.pth,0.36,0,a2
1726,1726.pth,0.86,0,a2
1727,1727.pth,0.33,0,a2
1728,1728.pth,0.78,0,a2
1729,1729.pth,0.57,0,a2
1730,1730.pth,0.71,0,a2
1731,1731.pth,0.02,0,a2
1732,1732.pth,0.72,0,a2
1733,1733.pth,0.26,0,a2
1734,1734.pth,1.0,0,a2
1735,1735.pth,0.51,0,a2
1736,1736.pth,0.77,0,a2
1737,1737.pth,0.48,0,a2
1738,1738.pth,0.83,0,a2
1739,1739.pth,0.69,0,a2
1740,1740.pth,0.94,0,a2
1741,1741.pth,0.45,0,a2
1742,1742.pth,0.79,0,a2
1743,1743.pth,0.18,0,a2
1744,1744.pth,0.98,0,a2
1745,1745.pth,0.18,0,a2
1746,1746.pth,0.77,0,a2
1747,1747.pth,0.25,0,a2
1748,1748.pth,0.72,0,a2
1749,1749.pth,0.13,0,a2
1750,1750.pth,0.89,0,a2
1751,1751.pth,0.58,0,a2
1752,1752.pth,0.94,0,a2
1753,1753.pth,0.26,0,a2
1754,1754.pth,0.93,0,a2
1755,1755.pth,0.65,0,a2
1756,1756.pth,1.0,0,a2
1757,1757.pth,0.23,0,a2
1758,1758.pth,0.93,0,a2
1759,1759.pth,0.55,0,a2
1760,1760.pth,0.79,0,a2
1761,1761.pth,0.4,0,a2
1762,1762.pth,0.97,0,a2
1763,1763.pth,0.5,0,a2
1764,1764.pth,0.99,0,a2
1765,1765.pth,0.3,0,a2
1766,1766.pth,0.98,0,a2
1767,1767.pth,0.25,0,a2
1768,1768.pth,0.77,0,a2
1769,1769.pth,0.22,0,a2
1770,1770.pth,0.79,0,a2
1771,1771.pth,0.42,0,a2
1772,1772.pth,0.82,0,a2
1773,1773.pth,0.08,0,a2
1774,1774.pth,0.78,0,a2
1775,1775.pth,0.18,0,a2
1776,1776.pth,0.73,0,a2
1777,1777.pth,0.37,0,a2
1778,1778.pth,0.74,0,a2
1779,1779.pth,0.53,0,a2
1780,1780.pth,0.89,0,a2
1781,1781.pth,0.55,0,a2
1782,1782.pth,0.94,0,a2
1783,1783.pth,0.17,0,a2
1784,1784.pth,0.92,0,a2
1785,1785.pth,0.03,0,a2
1786,1786.pth,0.73,0,a2
1787,1787.pth,0.17,0,a2
1788,1788.pth,0.74,0,a2
1789,1789.pth,0.34,0,a2
1790,1790.pth,0.82,0,a2
1791,1791.pth,0.07,0,a2
1792,1792.pth,0.82,0,a2
1793,1793.pth,0.64,0,a2
1794,1794.pth,0.98,0,a2
1795,1795.pth,0.53,0,a2
1796,1796.pth,0.98,0,a2
1797,1797.pth,0.35,0,a2
1798,1798.pth,0.86,0,a2
1799,1799.pth,0.53,0,a2
1800,1800.pth,0.88,0,a2
1801,1801.pth,0.08,0,a2
1802,1802.pth,0.87,0,a2
1803,1803.pth,0.27,0,a2
1804,1804.pth,0.83,0,a2
1805,1805.pth,0.47,0,a2
1806,1806.pth,0.88,0,a2
1807,1807.pth,0.41,0,a2
1808,1808.pth,0.82,0,a2
1809,1809.pth,0.46,0,a2
1810,1810.pth,0.76,0,a2
1811,1811.pth,0.57,0,a2
1812,1812.pth,0.72,0,a2
1813,1813.pth,0.18,0,a2
1814,1814.pth,0.75,0,a2
1815,1815.pth,0.13,0,a2
1816,1816.pth,0.72,0,a2
1817,1817.pth,0.03,0,a2
1818,1818.pth,0.76,0,a2
1819,1819.pth,0.44,0,a2
1820,1820.pth,0.83,0,a2
1821,1821.pth,0.2,0,a2
1822,1822.pth,0.88,0,a2
1823,1823.pth,0.53,0,a2
1824,1824.pth,0.76,0,a2
1825,1825.pth,0.67,0,a2
1826,1826.pth,0.72,0,a2
1827,1827.pth,0.25,0,a2
1828,1828.pth,0.82,0,a2
1829,1829.pth,0.17,0,a2
1830,1830.pth,0.95,0,a2
1831,1831.pth,0.28,0,a2
1832,1832.pth,0.84,0,a2
1833,1833.pth,0.37,0,a2
1834,1834.pth,0.75,0,a2
1835,1835.pth,0.32,0,a2
1836,1836.pth,0.91,0,a2
1837,1837.pth,0.62,0,a2
1838,1838.pth,0.76,0,a2
1839,1839.pth,0.07,0,a2
1840,1840.pth,0.7,0,a2
1841,1841.pth,0.21,0,a2
1842,1842.pth,0.82,0,a2
1843,1843.pth,0.45,0,a2
1844,1844.pth,0.74,0,a2
1845,1845.pth,0.35,0,a2
1846,1846.pth,0.92,0,a2
1847,1847.pth,0.2,0,a2
1848,1848.pth,0.98,0,a2
1849,1849.pth,0.37,0,a2
1850,1850.pth,1.0,0,a2
1851,1851.pth,0.19,0,a2
1852,1852.pth,0.97,0,a2
1853,1853.pth,0.17,0,a2
1854,1854.pth,0.83,0,a2
1855,1855.pth,0.45,0,a2
1856,1856.pth,0.76,0,a2
1857,1857.pth,0.22,0,a2
1858,1858.pth,0.85,0,a2
1859,1859.pth,0.01,0,a2
1860,1860.pth,0.84,0,a2
1861,1861.pth,0.52,0,a2
1862,1862.pth,0.9,0,a2
1863,1863.pth,0.1,0,a2
1864,1864.pth,0.99,0,a2
1865,1865.pth,0.63,0,a2
1866,1866.pth,0.96,0,a2
1867,1867.pth,0.59,0,a2
1868,1868.pth,0.84,0,a2
1869,1869.pth,0.67,0,a2
1870,1870.pth,0.93,0,a2
1871,1871.pth,0.49,0,a2
1872,1872.pth,0.89,0,a2
1873,1873.pth,0.62,0,a2
1874,1874.pth,0.83,0,a2
1875,1875.pth,0.0,0,a2
1876,1876.pth,0.76,0,a2
1877,1877.pth,0.61,0,a2
1878,1878.pth,0.99,0,a2
1879,1879.pth,0.39,0,a2
1880,1880.pth,0.89,0,a2
1881,1881.pth,0.59,0,a2
1882,1882.pth,0.87,0,a2
1883,1883.pth,0.38,0,a2
1884,1884.pth,0.75,0,a2
1885,1885.pth,0.55,0,a2
1886,1886.pth,0.78,0,a2
1887,1887.pth,0.0,0,a2
1888,1888.pth,0.81,0,a2
1889,1889.pth,0.17,0,a2
1890,1890.pth,0.92,0,a2
1891,1891.pth,0.69,0,a2
1892,1892.pth,0.85,0,a2
1893,1893.pth,0.08,0,a2
1894,1894.pth,0.82,0,a2
1895,1895.pth,0.02,0,a2
1896,1896.pth,0.98,0,a2
1897,1897.pth,0.06,0,a2
1898,1898.pth,0.8,0,a2
1899,1899.pth,0.0,0,a2
1900,1900.pth,0.95,0,a2
1901,1901.pth,0.69,0,a2
1902,1902.pth,0.77,0,a2
1903,1903.pth,0.21,0,a2
1904,1904.pth,0.85,0,a2
1905,1905.pth,0.46,0,a2
1906,1906.pth,0.77,0,a2
1907,1907.pth,0.44,0,a2
1908,1908.pth,0.84,0,a2
1909,1909.pth,0.24,0,a2
1910,1910.pth,0.97,0,a2
1911,1911.pth,0.19,0,a2
1912,1912.pth,0.9,0,a2
1913,1913.pth,0.2,0,a2
1914,1914.pth,0.91,0,a2
1915,1915.pth,0.66,0,a2
1916,1916.pth,0.82,0,a2
1917,1917.pth,0.3,0,a2
1918,1918.pth,0.96,0,a2
1919,1919.pth,0.65,0,a2
1920,1920.pth,0.7,0,a2
1921,1921.pth,0.15,0,a2
1922,1922.pth,0.9,0,a2
1923,1923.pth,0.1,0,a2
1924,1924.pth,0.78,0,a2
1925,1925.pth,0.02,0,a2
1926,1926.pth,0.91,0,a2
1927,1927.pth,0.21,0,a2
1928,1928.pth,1.0,0,a2
1929,1929.pth,0.32,0,a2
1930,1930.pth,0.89,0,a2
1931,1931.pth,0.19,0,a2
1932,1932.pth,0.93,0,a2
1933,1933.pth,0.35,0,a2
1934,1934.pth,1.0,0,a2
1935,1935.pth,0.27,0,a2
1936,1936.pth,0.98,0,a2
1937,1937.pth,0.31,0,a2
1938,1938.pth,0.77,0,a2
1939,1939.pth,0.58,0,a2
1940,1940.pth,0.73,0,a2
1941,1941.pth,0.2,0,a2
1942,1942.pth,0.91,0,a2
1943,1943.pth,0.2,0,a2
1944,1944.pth,0.86,0,a2
1945,1945.pth,0.22,0,a2
1946,1946.pth,0.72,0,a2
1947,1947.pth,0.58,0,a2
1948,1948.pth,0.95,0,a2
1949,1949.pth,0.6,0,a2
1950,1950.pth,0.77,0,a2
1951,1951.pth,0.49,0,a2
